Author_Id,Author_Name,Author_Surename
"31705","Cezary","Orłowski"
"31706","Józef","Judycki"
"31707","Mariusz","Jaczewski"
"31708","Paweł","Szymański"
"31709","Łukasz","Pancewicz"
"31710","Cezary","Orłowski"
"31711","Andrzej","Tejchman"
"31712","Krystyna","Gomółka"
"31713","Ziemowit","Suligowski"
"31714","Włodzimierz","Zieniutycz"
"31715","Dariusz","Dereniowski"
"31716","Wiesław","Kubiak"
"31717","Yori","Zwols"
"31718","Piotr","Kowalik"
"31719","Zbigniew","Korczewski"
"31720","Andrzej","Kaczmarski"
"31721","Karol","Niklas"
"31722","Wladyslaw","Wedzinski"
"31723","Grzegorz","Kostro"
"31724","Izabela","Lubowiecka"
"31725","Agnieszka","Tomaszewska"
"31726","Czesław","Szymczak"
"31727","Wladyslaw","Wedzinski"
"31728","Katarzyna","Tubielewicz"
"31729","Arnis","Sauka"
"31730","Hartwig","Wagemeister"
"31731","Szymon","Grymek"
"31732","Tomasz","Kiczkowiak"
"31733","Zdzislaw","Przewlocki"
"31734","Jacek","Chróścielwski"
"31735","Wojciech","Witkowski"
"31736","Jacek","Krenz"
"31737","Robert","Hirsch"
"31738","Andrzej","Lisak"
"31739","Włodzimierz","Cichy"
"31740","Katarzyna","Mokwa"
"31741","Marek","Przyborski"
"31742","Jerzy","Pyrchla"
"31743","Tomasz","Seramak"
"31744","Katarzyna","Zasińska"
"31745","Beata","Majkowska-Marzec"
"31746","Jakub","Szulwic"
"31747","Marek","Makowski"
"31748","Eugeniusz","Bobinski"
"31749","Teofil","Piwecki"
"31750","Janusz","Zelazinski"
"31751","Wioleta","Błaszczak-Bąk"
"31752","Anna","Sobieraj-Żłobińska"
"31753","Mariusz","Kaczmarek"
"31754","Jędrzej","Nowak"
"31755","Jacek","Rumiński"
"31756","Jerzy","Wtorek"
"31757","Tomasz","Kocejko"
"31758","Piotr","Kowalik"
"31759","Artur","Janowski"
"31760","Jacek","Rapiński"
"31761","Zygmunt","Kurałowicz"
"31762","Michał","Wymysłowski"
"31763","Antoni","Kapuściński"
"31764","Julian","Szymański"
"31765","Teofil","Piwecki"
"31766","D.","Jasieński"
"31767","Agnieszka","Błażko"
"31768","Agnieszka","Błażko"
"31769","Agnieszka","Błażko"
"31770","Agnieszka","Błażko"
"31771","Agnieszka","Błażko"
"31772","Agnieszka","Błażko"
"31773","Agnieszka","Błażko"
"31774","Agnieszka","Błażko"
"31775","Teofil","Piwecki"
"31776","Agnieszka","Błażko"
"31777","Agnieszka","Błażko"
"31778","Jacek","Łubiński"
"31779","Paweł","Śliwiński"
"31780","Wojciech","Szudek"
"31781","Witold","Sterpejkowicz-Wersocki"
"31782","Grzegorz","Graff"
"31783","Jerzy","Jezierski"
"31784","Krause","Karolina"
"31785","Krzysztof","Matyjasik"
"31786","Paweł","Kowalewski"
"31787","Remigiusz","Duszyński"
"31788","Adam","Bolt"
"31789","Karolina","Życzkowska"
"31790","Agnieszka","Błażko"
"31791","Agnieszka","Błażko"
"31792","Agnieszka","Błażko"
"31793","Agnieszka","Błażko"
"31794","Agnieszka","Błażko"
"31795","Agnieszka","Błażko"
"31796","Jacek","Krenz"
"31797","Jacek","Krenz"
"31798","Daniel","Żyła"
"31799","Robert","Rynkiewicz"
"31800","Mariusz","Krzyżanowski"
"31801","Leszek","Dembkowski"
"31802","Zdzisław","Roznerski"
"31803","Roman","Szramka"
"31804","Janusz","Rachoń"
"31805","Sławomir","Makowiec"
"31806","Ryszard","Maciakowski"
"31807","Zbigniew","Kozakiewicz"
"31808","Jacek","Krenz"
"31809","Janusz","Gujski"
"31810","Izabela","Maria"
"31811","Janusz","Gujski"
"31812","Izabela","Maria"
"31813","Zenon","Michalowski"
"31814","Jerzy","Prejzner"
"31815","Lucyna","Nyka"
"31816","Izabela","Maria"
"31817","Janusz","Gujski"
"31818","Janusz","Gujski"
"31819","Janusz","Gujski"
"31820","Janusz","Gujski"
"31821","Janusz","Gujski"
"31822","Jerzy","Prejzner"
"31823","Jerzy","Prejzner"
"31824","Jerzy","Prejzner"
"31825","Jerzy","Prejzner"
"31826","Jerzy","Prejzner"
"31827","Ryszard","Maciakowski"
"31828","Marek","Kochanowski"
"31829","Teofil","Piwecki"
"31830","Zdzislaw","Przewlocki"
"31831","Andrzej","Tejchman"
"31832","Zdzislaw","Przewlocki"
"31833","Stefan","Wojtera"
"31834","Romuald","Cebertowicz"
"31835","Zdzislaw","Przewlocki"
"31836","Stefan","Wojtera"
"31837","Irmina","Toczyłowska"
"31838","Zbigniew","Kozakiewicz"
"31839","Ryszard","Maciakowski"
"31840","Józef","Siuzdak"
"31841","Janina","Grzeskowiak"
"31842","Andrzej","Nurek"
"31843","Irena","Nowosz-Arkuszewska"
"31844","Tadeusz","Pompowski"
"31845","Swietlana","Białłozór"
"31846","Bozena","Bator-Sawicka"
"31847","Jerzy","Jakobs"
"31848","Zbigniew","Klenowicz"
"31849","B.","Ryś"
"31850","Irena","Nowosz-Arkuszewska"
"31851","Kazimierz","Kulesza"
"31852","Tadeusz","Pompowski"
"31853","Irena","Nowosz-Arkuszewska"
"31854","Kazimierz","Kulesza"
"31855","Zbigniew","Klenowicz"
"31856","Andrzej","Tejchman"
"31857","Stefan","Nawrocki"
"31858","Dariusz","Gawin"
"31859","Kazimierz","Trębacki"
"31860","Ryszard","Maciakowski"
"31861","Mikolaj","Wojcik"
"31862","Jan","Zajaczkowski"
"31863","Antoni","Chrzan"
"31864","Henryk","Bugłacki"
"31865","Wojciech","Darski"
"31866","Marian","Borowski"
"31867","Jozef","Domanski"
"31868","Wladyslaw","Piotrowicz"
"31869","Wladyslaw","Piotrowicz"
"31870","Bohdan","Kozerski"
"31871","Paweł","Hempowicz"
"31872","Marek","Karwowski"
"31873","Romuald","Juchniewicz"
"31874","Tadeusz","Pompowski"
"31875","Władysław","Bohdanowicz"
"31876","Jerzy","Walaszkowski"
"31877","Zenon","Hirsch"
"31878","Zygmunt","Jankowski"
"31879","Romuald","Juchniewicz"
"31880","Jerzy","Walaszkowski"
"31881","Władysław","Bohdanowicz"
"31882","Romuald","Juchniewicz"
"31883","Jerzy","Walaszkowski"
"31884","Władysław","Bohdanowicz"
"31885","Romuald","Juchniewicz"
"31886","Jerzy","Walaszkowski"
"31887","Władysław","Bohdanowicz"
"31888","Andrzej","Widuchowski"
"31889","Irena","Nowosz-Arkuszewska"
"31890","Kazimierz","Kulesza"
"31891","Irena","Nowosz-Arkuszewska"
"31892","Irena","Nowosz-Arkuszewska"
"31893","Tadeusz","Pompowski"
"31894","Jozef","Domanski"
"31895","Wladyslaw","Piotrowicz"
"31896","Irmina","Toczyłowska"
"31897","Andrzej","Szubstarski"
"31898","Ryszard","Sieminski"
"31899","Jerzy","Ciepielowski"
"31900","Jerzy","Issajewicz"
"31901","Teofil","Piwecki"
"31902","Zdzislaw","Sokolski"
"31903","Teofil","Piwecki"
"31904","Teofil","Piwecki"
"31905","Romuald","Szymkiewicz"
"31906","Bohdan","Kozerski"
"31907","Mikolaj","Wegrzyn"
"31908","Zbigniew","Kozakiewicz"
"31909","Jerzy","Doerffer"
"31910","Romuald","Juchniewicz"
"31911","Henryk","Strzelecki"
"31912","Jerzy","Walaszkowski"
"31913","Andrzej","Widuchowski"
"31914","Władysław","Bohdanowicz"
"31915","Jozef","Domanski"
"31916","Jadwiga","Lipinska"
"31917","Jerzy","Jakobs"
"31918","Zbigniew","Klenowicz"
"31919","Jacek","Bordziłowski"
"31920","Zbigniew","Klenowicz"
"31921","Jerzy","Jakobs"
"31922","Jacek","Bordziłowski"
"31923","Zbigniew","Klenowicz"
"31924","Jerzy","Jakobs"
"31925","Jacek","Bordziłowski"
"31926","Zbigniew","Klenowicz"
"31927","Jerzy","Jakobs"
"31928","Jacek","Bordziłowski"
"31929","Jacek","Bordziłowski"
"31930","Zbigniew","Klenowicz"
"31931","Jerzy","Jakobs"
"31932","Zbigniew","Muziol"
"31933","Jacek","Bordziłowski"
"31934","Ryszard","Maciakowski"
"31935","Jerzy","Doerffer"
"31936","Lucjan","Palasik"
"31937","Jacek","Bordziłowski"
"31938","Jerzy","Kamrowski"
"31939","Jan","Godlewski"
"31940","Ryszard","Signerski"
"31941","Jan","Kalinowski"
"31942","Jerzy","Jakobs"
"31943","Tadeusz","Szauer"
"31944","Jerzy","Jakobs"
"31945","Marek","Kochanowski"
"31946","Ryszard","Maciakowski"
"31947","Jerzy","Jakobs"
"31948","Marek","Kochanowski"
"31949","Ryszard","Maciakowski"
"31950","Jerzy","Jakobs"
"31951","Marek","Kochanowski"
"31952","Ryszard","Maciakowski"
"31953","Jerzy","Jakobs"
"31954","Tadeusz","Szauer"
"31955","Jacek","Bordziłowski"
"31956","Romuald","Juchniewicz"
"31957","Tadeusz","Pompowski"
"31958","Jerzy","Walaszkowski"
"31959","Henryk","Strzelecki"
"31960","Władysław","Bohdanowicz"
"31961","Tadeusz","Sukowski"
"31962","Tadeusz","Pompowski"
"31963","Jerzy","Jakobs"
"31964","Zbigniew","Klenowicz"
"31965","Tadeusz","Pompowski"
"31966","Jerzy","Jakobs"
"31967","Zbigniew","Klenowicz"
"31968","Jerzy","Jakobs"
"31969","Zbigniew","Klenowicz"
"31970","Anna","Iwaszkiewicz"
"31971","Edward","Wiewiorowski"
"31972","Tadeusz","Pompowski"
"31973","Henryk","Masiakowski"
"31974","Stanislaw","Wisniewski"
"31975","Leszek","Andrukiewicz"
"31976","Tomasz","Biernacki"
"31977","Kazimierz","Kopecki"
"31978","J.","Wysocki"
"31979","Adam","Rumianowski"
"31980","Marek","Sperski"
"31981","Slawomir","Ziolek"
"31982","Stanislaw","Ostrowski"
"31983","Irena","Nowosz-Arkuszewska"
"31984","Barbara","Matynia"
"31985","Wierzba","Czykier"
"31986","Wierzba","Czykier"
"31987","Wierzba","Czykier"
"31988","Barbara","Kasterka"
"31989","Krystyna","Kwiatkowska-Sienkiewicz"
"31990","Zbigniew","Siuzdak"
"31991","Jan","Dobrowolski"
"31992","Bozena","Bator-Sawicka"
"31993","Grzegorz","Blotny"
"31994","Ryszard","Pastuszak"
"31995","Ewa","Kirkor"
"31996","A.","Bogucki"
"31997","Jerzy","Prejzner"
"31998","Eugeniusz","Poplawski"
"31999","Franciszek","Kozera"
"32000","Alojzy","Bujewski"
"32001","Zdzislaw","Przewlocki"
"32002","Stefan","Wojtera"
"32003","Zdzislaw","Przewlocki"
"32004","Józef","Siuzdak"
"32005","L.","Bohdziewicz"
"32006","Janina","Grzeskowiak"
"32007","M.","Kreczko"
"32008","Andrzej","Tejchman"
"32009","Włodzimierz","Cichy"
"32010","Elzbieta","Kloc-Debicka"
"32011","Ewa","Toczyska"
"32012","Franciszek","Bławat"
"32013","Adam","Skrzypek"
"32014","Halina","Różańska"
"32015","Boleslaw","Kosciukiewicz"
"32016","Jan","Krause"
"32017","Piotr","Rajca"
"32018","T.","Grusznis"
"32019","Barbara","Matynia"
"32020","Wierzba","Czykier"
"32021","Wierzba","Czykier"
"32022","Jozef","Domanski"
"32023","Roman","Teszner"
"32024","Jozef","Domanski"
"32025","Ryszard","Dobielewski"
"32026","Ludomir","Jakusz"
"32027","Anna","Malasiewicz"
"32028","A.","Denel"
"32029","Andrzej","Lenart"
"32030","Jerzy","Nagler"
"32031","Wlodzimierz","Libus"
"32032","Teresa","Puchalska"
"32033","Wlodzimierz","Libus"
"32034","Irmina","Uruska"
"32035","Zofia","Libuś"
"32036","Tadeusz","Pompowski"
"32037","Anna","Malasiewicz"
"32038","Zbigniew","Klenowicz"
"32039","Tadeusz","Pompowski"
"32040","Ewa","Kirkor"
"32041","B.","Krasnodomska"
"32042","Ewa","Kirkor"
"32043","Hubert","Jedrzejczak"
"32044","Stanislaw","Szwabski"
"32045","Ryszard","Pastuszak"
"32046","Zbigniew","Klenowicz"
"32047","Jerzy","Kamrowski"
"32048","Zbigniew","Muziol"
"32049","Stanisław","Kandulski"
"32050","Jerzy","Kamrowski"
"32051","Zbigniew","Klenowicz"
"32052","Franciszek","Kozera"
"32053","Barbara","Kasterka"
"32054","Anna","Malasiewicz"
"32055","Tadeusz","Pompowski"
"32056","Anna","Malasiewicz"
"32057","Krystyna","Zwierzak"
"32058","Edward","Borowski"
"32059","Leonard","Falkowski"
"32060","Witold","Mechlinski"
"32061","Tadeusz","Zimiński"
"32062","Carl","W."
"32063","Jacek","Bielawski"
"32064","Włodzimierz","Walczak"
"32065","Marcin","Bomerski"
"32066","Henryk","Czajkowski"
"32067","Piotr","Karpisiak"
"32068","Jerzy","Burczyk"
"32069","Krzysztof","Perczak"
"32070","Jacek","Bordziłowski"
"32071","Jerzy","Kamrowski"
"32072","Zbigniew","Muziol"
"32073","Jerzy","Jakobs"
"32074","Zbigniew","Klenowicz"
"32075","Tadeusz","Pompowski"
"32076","Jerzy","Doerffer"
"32077","Stanislaw","Kubera"
"32078","Eugeniusz","Mausolf"
"32079","Jerzy","Skrzypek"
"32080","Andrzej","Wozniak"
"32081","Tadeusz","Pompowski"
"32082","Jerzy","Jakobs"
"32083","Zbigniew","Klenowicz"
"32084","Tadeusz","Pompowski"
"32085","Kazimierz","Kulesza"
"32086","Zbigniew","Klenowicz"
"32087","Jerzy","Jakobs"
"32088","Andrzej","Lenart"
"32089","Ryszard","Signerski"
"32090","Jan","Kalinowski"
"32091","Ryszard","Signerski"
"32092","Jan","Kalinowski"
"32093","Jerzy","Nagler"
"32094","Jerzy","Rzechuła"
"32095","Jerzy","Nagler"
"32096","Zbigniew","Muziol"
"32097","Zbigniew","Muziol"
"32098","Zbigniew","Muziol"
"32099","Zbigniew","Muziol"
"32100","Roman","Teszner"
"32101","Tadeusz","Szauer"
"32102","Zbigniew","Muziol"
"32103","Jerzy","Kamrowski"
"32104","Zbigniew","Klenowicz"
"32105","Zbigniew","Klenowicz"
"32106","Gabriela","Bednarczyk"
"32107","Jerzy","Kamrowski"
"32108","Anna","Malasiewicz"
"32109","Kazimierz","Kulesza"
"32110","Anna","Malasiewicz"
"32111","Kazimierz","Kulesza"
"32112","Maria","Moczulska"
"32113","Henryk","Warachim"
"32114","Wlodzimierz","Rodziewicz"
"32115","Zenon","Michalowski"
"32116","Wlodzimierz","Rodziewicz"
"32117","Zenon","Michalowski"
"32118","Wlodzimierz","Rodziewicz"
"32119","Zenon","Michalowski"
"32120","Stanislaw","Szpor"
"32121","Tomasz","Biernacki"
"32122","Zbigniew","Klenowicz"
"32123","Barbara","Kasterka"
"32124","Henryk","Krawczyk"
"32125","Andrzej","Ruciński"
"32126","Zbigniew","Klenowicz"
"32127","Jerzy","Jakobs"
"32128","Zbigniew","Klenowicz"
"32129","Anna","Malasiewicz"
"32130","Jerzy","Jakobs"
"32131","Edward","Wiewiorowski"
"32132","Marian","Starzak"
"32133","Edward","Wiewiorowski"
"32134","Marian","Starzak"
"32135","Henryk","Krawczyk"
"32136","Rafał","Staszewski"
"32137","Ligia","Adamowicz-Zasławska"
"32138","Waldemar","Wardencki"
"32139","Waldemar","Wardencki"
"32140","Rafał","Staszewski"
"32141","Edward","Wiewiorowski"
"32142","Zbigniew","Urmanin"
"32143","Henryk","Warachim"
"32144","Tadeusz","Wilczewski"
"32145","Wlodzimierz","Rodziewicz"
"32146","Zenon","Michalowski"
"32147","Mirosław","Męcik"
"32148","Stanislaw","Mydlarczyk"
"32149","Tadeusz","Pompowski"
"32150","Tadeusz","Krupnik"
"32151","Wlodzimierz","Rodziewicz"
"32152","Zenon","Michalowski"
"32153","Teodozyj","Kolasa"
"32154","Waldemar","Wardencki"
"32155","Andrzej","Lenart"
"32156","Józef","Mucek"
"32157","Marek","Chmielewski"
"32158","Tadeusz","Pompowski"
"32159","Tadeusz","Pompowski"
"32160","Romuald","Juchniewicz"
"32161","Rafał","Staszewski"
"32162","Ligia","Adamowicz-Zasławska"
"32163","Waldemar","Wardencki"
"32164","Włodzimierz","Cichy"
"32165","Zbigniew","Muklewicz"
"32166","Zbigniew","Odejewski"
"32167","Wiesław","Odrobiński"
"32168","Jozef","Sowinski"
"32169","Wiktor","Szamin"
"32170","Antoni","Kapuściński"
"32171","Wladyslaw","Buczkowski"
"32172","Wiktor","Szamin"
"32173","Antoni","Kapuściński"
"32174","Piotr","Kowalik"
"32175","A.","Miler"
"32176","Piotr","Kowalik"
"32177","Piotr","Kowalik"
"32178","Józef","Krzyszowski"
"32179","Wlodzimierz","Rodziewicz"
"32180","Zbigniew","Kokot"
"32181","Tadeusz","Pompowski"
"32182","Aleksander","Potocki"
"32183","Edward","Wiewiorowski"
"32184","Tadeusz","Pompowski"
"32185","Tadeusz","Pompowski"
"32186","Wiesław","Wojnowski"
"32187","Teresa","Zieniawa"
"32188","Emilia","Cybulska"
"32189","Edward","Borowski"
"32190","Jerzy","Jakobs"
"32191","Tadeusz","Pompowski"
"32192","Rafał","Staszewski"
"32193","Maria","Wojnowska"
"32194","Wiesław","Wojnowski"
"32195","Tadeusz","Pompowski"
"32196","Zbigniew","Klenowicz"
"32197","Anna","Iwaszkiewicz"
"32198","Krystyna","Zwierzak"
"32199","Andrzej","Baranowski"
"32200","Krystyna","Krause-Baranowska"
"32201","L.","Jehkabson"
"32202","W.","Mokwiński"
"32203","Zygmunt","Schmidt"
"32204","B.","Skarżyński"
"32205","Wieslaw","Szuchnicki"
"32206","Jerzy","Jakobs"
"32207","Zbigniew","Klenowicz"
"32208","E.","Kulesza"
"32209","Tadeusz","Pompowski"
"32210","P.","Trokowicz"
"32211","Zbigniew","Klenowicz"
"32212","Anna","Malasiewicz"
"32213","Tadeusz","Pompowski"
"32214","Jerzy","Grabosz"
"32215","Wladyslaw","Krzyzanowski"
"32216","Janusz","Górski"
"32217","Wojciech","Sokólski"
"32218","Władysław","Bohdanowicz"
"32219","Andrzej","Widuchowski"
"32220","Antoni","Bradtke"
"32221","Tadeusz","Pompowski"
"32222","Zbigniew","Klenowicz"
"32223","Jerzy","Jakobs"
"32224","Anton","Meller"
"32225","Maria","Wojnowska"
"32226","H.","Marecek"
"32227","Tadeusz","Pompowski"
"32228","Zbigniew","Klenowicz"
"32229","Jerzy","Jakobs"
"32230","Barbara","Kasterka"
"32231","Janusz","Górski"
"32232","Zygmunt","Nagiełło"
"32233","Zygmunt","Nagiełło"
"32234","Zygmunt","Nagiełło"
"32235","Marian","Galek"
"32236","Jan","Lewandowski"
"32237","Zbigniew","Dwornikiewicz"
"32238","Ryszard","Krajewski"
"32239","Andrzej","Plotka"
"32240","Boguslaw","Hefczyc"
"32241","Jacek","Kozaka"
"32242","Miron","Karolczak"
"32243","Ryszard","Musial"
"32244","Henryk","Wawrzyniak"
"32245","Barbara","Kasterka"
"32246","J.","Weppe"
"32247","Iwona","Zysnarska"
"32248","Iwona","Zysnarska"
"32249","Zdzislaw","Manitius"
"32250","Jacek","Namieśnik"
"32251","Mieczysław","Bownik"
"32252","Edmund","Kozłowski"
"32253","Edmund","Kozłowski"
"32254","Marek","Biziuk"
"32255","Jerzy","Adamiec"
"32256","Kazimierz","Duzinkiewicz"
"32257","Tadeusz","Dyrga"
"32258","Nadzieja","Kostyk"
"32259","Andrzej","Megger"
"32260","Franciszek","Milkiewicz"
"32261","Jadwiga","Paszota"
"32262","Krzysztof","Fagiewicz"
"32263","Ryszard","Krajewski"
"32264","Ryszard","Krajewski"
"32265","Ryszard","Krajewski"
"32266","Zenon","Boguś"
"32267","Ewa","Sieńkowska-Zyskowska"
"32268","Edmund","Kozłowski"
"32269","Krzysztof","Rosochowicz"
"32270","Janusz","Jagiello"
"32271","Tadeusz","Kolenda"
"32272","Kazimierz","Wituszynski"
"32273","Krzysztof","Rosochowicz"
"32274","Piotr","Szpindor"
"32275","Lech","Nadolny"
"32276","Krzysztof","Rosochowicz"
"32277","Lech","Nadolny"
"32278","Marian","Sobiczewski"
"32279","Krystyna","Sobolewska"
"32280","Jerzy","Doerffer"
"32281","Stefan","Wewiorski"
"32282","Jerzy","Pacześniak"
"32283","Wiesław","Wełnicki"
"32284","Walenty","Milenuszkin"
"32285","Jerzy","Doerffer"
"32286","Jerzy","Madey"
"32287","Jerzy","Doerffer"
"32288","Adam","Korniak"
"32289","Stanislaw","Kubski"
"32290","Lucjan","Palasik"
"32291","Jerzy","Doerffer"
"32292","Walenty","Milenuszkin"
"32293","Jerzy","Doerffer"
"32294","Bohdan","Biernacki"
"32295","Krzysztof","Czerwiński"
"32296","Grzegorz","Mizgier"
"32297","Michal","Wilczopolski"
"32298","Jerzy","Doerffer"
"32299","Stanislaw","Kubera"
"32300","Tadeusz","Borzęcki"
"32301","Eugeniusz","Mausolf"
"32302","Andrzej","Wołoszyn"
"32303","Jerzy","Doerffer"
"32304","Walenty","Milenuszkin"
"32305","Jerzy","Doerffer"
"32306","Ryszard","Erbel"
"32307","Stanislaw","Kubera"
"32308","Lucjan","Palasik"
"32309","Stanislaw","Skrobot"
"32310","Ignacy","Adamczewski"
"32311","Bronisław","Jachym"
"32312","Bronisław","Jachym"
"32313","Henryk","Sodolski"
"32314","Jerzy","Bukowski"
"32315","Bronisław","Jachym"
"32316","Walenty","Milenuszkin"
"32317","Jerzy","Doerffer"
"32318","Stefan","Wewiorski"
"32319","Jerzy","Doerffer"
"32320","Janusz","Ziółkowski"
"32321","Czeslaw","Wielgosz"
"32322","Jozef","Kusmierek"
"32323","Jerzy","Doerffer"
"32324","Henryk","Wojdala"
"32325","Jerzy","Doerffer"
"32326","Jerzy","Madey"
"32327","Andrzej","Sobiborowicz"
"32328","Lech","Kobyliński"
"32329","Krzysztof","Paul"
"32330","Mieczysław","Krężelewski"
"32331","Jerzy","Doerffer"
"32332","Marian","Kolago"
"32333","Tadeusz","Borzęcki"
"32334","Jerzy","Doerffer"
"32335","Tadeusz","Gerlach"
"32336","Zygfryd","Zabinski"
"32337","Janusz","Zandler"
"32338","Wieslaw","Gozdur"
"32339","Walenty","Milenuszkin"
"32340","Lech","Rowiński"
"32341","Bohdan","Biernacki"
"32342","Andrzej","Nowak"
"32343","Mieczyslaw","Sompolski"
"32344","Jerzy","Doerffer"
"32345","Grzegorz","Mizgier"
"32346","Alicja","Czaplewska"
"32347","Janina","Rembowska"
"32348","Ryszard","Sobczak"
"32349","Janina","Rembowska"
"32350","Ryszard","Sobczak"
"32351","Ryszard","Krajewski"
"32352","Zenon","Boguś"
"32353","Ryszard","Krajewski"
"32354","Jerzy","Skrzela"
"32355","Ryszard","Krajewski"
"32356","Jan","Stolz"
"32357","Zenon","Boguś"
"32358","Krzysztof","Gerwin"
"32359","Ryszard","Krajewski"
"32360","Ryszard","Krajewski"
"32361","Ryszard","Krajewski"
"32362","Jerzy","Skrzela"
"32363","Ryszard","Krajewski"
"32364","Jan","Stolz"
"32365","Wiesław","Odrobiński"
"32366","Bohdan","Zadroga"
"32367","Bronislaw","Potulski"
"32368","Zbigniew","Sikora"
"32369","Romuald","Juchniewicz"
"32370","Jerzy","Walaszkowski"
"32371","Wojciech","Sokólski"
"32372","Władysław","Bohdanowicz"
"32373","Andrzej","Widuchowski"
"32374","Jerzy","Kamrowski"
"32375","Andrzej","Zborowski"
"32376","Romuald","Juchniewicz"
"32377","Jerzy","Walaszkowski"
"32378","Romuald","Juchniewicz"
"32379","Jerzy","Walaszkowski"
"32380","Wojciech","Sokólski"
"32381","Władysław","Bohdanowicz"
"32382","Andrzej","Widuchowski"
"32383","Antoni","Bradtke"
"32384","Bronisław","Kempa"
"32385","Janina","Babinska"
"32386","Romuald","Juchniewicz"
"32387","Jerzy","Walaszkowski"
"32388","Władysław","Bohdanowicz"
"32389","Wojciech","Sokólski"
"32390","Andrzej","Widuchowski"
"32391","Ryszard","Krajewski"
"32392","Michal","Czabajski"
"32393","Ryszard","Krajewski"
"32394","Ryszard","Krajewski"
"32395","Jerzy","Pawlinski"
"32396","Stefan","Nawrocki"
"32397","Witold","Błocki"
"32398","Stefan","Nawrocki"
"32399","Wiesław","Wełnicki"
"32400","Witold","Błocki"
"32401","Jan","Bielański"
"32402","Jerzy","Walaszkowski"
"32403","Zbigniew","Nowicki"
"32404","Janusz","Kolenda"
"32405","Iwona","Zysnarska"
"32406","Iwona","Zysnarska"
"32407","Bernard","Rulaff"
"32408","Edmund","Kozłowski"
"32409","Mieczysław","Bownik"
"32410","Edmund","Kozłowski"
"32411","Andrzej","Haras"
"32412","Jerzy","Doerffer"
"32413","Edward","Homziuk"
"32414","Jerzy","Wilczynski"
"32415","Edward","Homziuk"
"32416","Jerzy","Wilczynski"
"32417","Edward","Homziuk"
"32418","Edward","Homziuk"
"32419","Jerzy","Wilczynski"
"32420","Edward","Homziuk"
"32421","Jerzy","Wilczynski"
"32422","Zygmunt","Nagiełło"
"32423","Rafał","Staszewski"
"32424","Ligia","Adamowicz-Zasławska"
"32425","Waldemar","Wardencki"
"32426","Bogdan","Zygmunt"
"32427","Wacław","Janicki"
"32428","Tadeusz","Pompowski"
"32429","Stanislaw","Mydlarczyk"
"32430","Edward","Wiewiorowski"
"32431","Rafał","Staszewski"
"32432","Waldemar","Wardencki"
"32433","Danuta","Wojcik"
"32434","Ligia","Adamowicz-Zasławska"
"32435","Bogdan","Zygmunt"
"32436","Wacław","Janicki"
"32437","Andrzej","Małasiewicz"
"32438","Zbigniew","Klenowicz"
"32439","Tadeusz","Pompowski"
"32440","Zbigniew","Klenowicz"
"32441","Tadeusz","Pompowski"
"32442","Andrzej","Małasiewicz"
"32443","Zbigniew","Klenowicz"
"32444","Tadeusz","Pompowski"
"32445","Aleksy","Potocki"
"32446","Edward","Wiewiorowski"
"32447","Kazimierz","Iwanowski"
"32448","Antoni","Chrzan"
"32449","Alojzy","Rigall"
"32450","Stanislaw","Wesolowski"
"32451","Kazimierz","Zygmunt"
"32452","Jan","Kłopocki"
"32453","Kazimierz","Iwanowski"
"32454","Tadeusz","Łubiński"
"32455","Andrzej","Małasiewicz"
"32456","Zbigniew","Klenowicz"
"32457","Przemysław","Pazdro"
"32458","Jerzy","Mazur"
"32459","Edmund","Kozłowski"
"32460","George","Marian"
"32461","Ewa","Sieńkowska-Zyskowska"
"32462","Edmund","Kozłowski"
"32463","Jadwiga","Paszota"
"32464","Mieczyslaw","Mysliwiec"
"32465","Romuald","Juchniewicz"
"32466","Zbigniew","Glowinkowski"
"32467","Jerzy","Walaszkowski"
"32468","Andrzej","Widuchowski"
"32469","Zygmunt","Jankowski"
"32470","Witold","Zarecz"
"32471","Romuald","Juchniewicz"
"32472","Jerzy","Walaszkowski"
"32473","Władysław","Bohdanowicz"
"32474","Romuald","Juchniewicz"
"32475","Tadeusz","Pompowski"
"32476","Jerzy","Walaszkowski"
"32477","Henryk","Strzelecki"
"32478","Władysław","Bohdanowicz"
"32479","Zbigniew","Golubski"
"32480","Stanislaw","Koziarski"
"32481","Zbigniew","Slubicki"
"32482","Boguslaw","Jackowski"
"32483","Stanislaw","Downarowicz"
"32484","Ryszard","Twardowski"
"32485","Józef","Kuśba"
"32486","Czeslaw","Bojarski"
"32487","Romuald","Juchniewicz"
"32488","Jerzy","Walaszkowski"
"32489","Henryk","Strzelecki"
"32490","Władysław","Bohdanowicz"
"32491","Andrzej","Widuchowski"
"32492","Ryszard","Kościelny"
"32493","Zygmunt","Nagiełło"
"32494","Witold","Leonowicz"
"32495","Krzysztof","Rosochowicz"
"32496","Stanisław","Wojtas"
"32497","Henryk","Boryń"
"32498","Eugeniusz","Wasilenko"
"32499","Andrzej","Wiśniewski"
"32500","Wiesław","Jasiński"
"32501","Piotr","Kubski"
"32502","Tolestyn","Madaj"
"32503","Jan","Madejski"
"32504","Jan","Knyszewski"
"32505","Stanislaw","Michalski"
"32506","Jan","Knyszewski"
"32507","Zbigniew","Grabowski"
"32508","Wladyslaw","Beyer"
"32509","Jozef","Franczak"
"32510","Stanislaw","Data"
"32511","Jan","Knyszewski"
"32512","Zbigniew","Grabowski"
"32513","Teresa","Krassowska"
"32514","Aleksander","Stala"
"32515","Henryk","Boryń"
"32516","Eugeniusz","Wasilenko"
"32517","Stanisław","Wojtas"
"32518","Krzysztof","Rosochowicz"
"32519","Józef","Czucha"
"32520","Jan","Mrozowski"
"32521","Maciej","Sajnacki"
"32522","Jacek","Żyborski"
"32523","Krzysztof","Rosochowicz"
"32524","Krzysztof","Rosochowicz"
"32525","Krzysztof","Rosochowicz"
"32526","Krzysztof","Rosochowicz"
"32527","Ewa","Hermanowicz"
"32528","Kazimierz","Koralewski"
"32529","Andrzej","Grono"
"32530","Zenon","Prus"
"32531","Jan","Mrozowski"
"32532","Jacek","Żyborski"
"32533","Józef","Czucha"
"32534","Maciej","Sajnacki"
"32535","Irena","Nowosz-Arkuszewska"
"32536","Wojciech","Sokólski"
"32537","Jerzy","Walaszkowski"
"32538","Romuald","Juchniewicz"
"32539","Michał","Polowczyk"
"32540","Edmund","Kozłowski"
"32541","Ewa","Sieńkowska-Zyskowska"
"32542","Marek","Biziuk"
"32543","Jacek","Namieśnik"
"32544","Krzysztof","Rosochowicz"
"32545","Krzysztof","Rosochowicz"
"32546","Jan","Knyszewski"
"32547","Aleksander","Stala"
"32548","Teresa","Krassowska"
"32549","Zbigniew","Grabowski"
"32550","Tadeusz","Duda"
"32551","Oskar","Jankowski"
"32552","Henryk","Warachim"
"32553","Krzysztof","Rosochowicz"
"32554","Włodzimierz","Walczak"
"32555","Jacek","Bielawski"
"32556","Krzysztof","Rosochowicz"
"32557","Krzysztof","Rosochowicz"
"32558","Wladyslaw","Piotrowicz"
"32559","Jerzy","Prejzner"
"32560","Krystyna","Olańczuk-Neyman"
"32561","Stanisław","Wojtas"
"32562","Eugeniusz","Wasilenko"
"32563","Mariusz","Barski"
"32564","Zenon","Boguś"
"32565","Wojciech","Jędruch"
"32566","Józef","Czucha"
"32567","Michał","Białko"
"32568","Piotr","Kubski"
"32569","Michał","Białko"
"32570","Wiesław","Pudlik"
"32571","Jan","Stąsiek"
"32572","Marian","Rogowski"
"32573","Janusz","Cieśliński"
"32574","Wiesław","Pudlik"
"32575","Jan","Stąsiek"
"32576","Marian","Rogowski"
"32577","Janusz","Cieśliński"
"32578","Tadeusz","Bartkowski"
"32579","Marian","Zientalski"
"32580","Ryszard","Szalucki"
"32581","Ryszard","Szalucki"
"32582","Jadwiga","Paszota"
"32583","Krystyna","Olańczuk-Neyman"
"32584","Anna","Oleszkiewicz-Gozdzielewska"
"32585","Jacek","Marecki"
"32586","Stefan","Schally"
"32587","Jerzy","Węcławski"
"32588","Edmund","Ledwon"
"32589","Jerzy","Węcławski"
"32590","Stefan","Wojciechowski"
"32591","Jerzy","Węcławski"
"32592","Kazimierz","Dziabas"
"32593","Edmund","Ledwon"
"32594","Jan","Sitkowski"
"32595","Stefan","Wojciechowski"
"32596","Józef","Czucha"
"32597","Tadeusz","Lipski"
"32598","Jacek","Żyborski"
"32599","Andrzej","Balcerski"
"32600","Andrzej","Dilling"
"32601","Witold","Halka"
"32602","Augustyn","Kubiak"
"32603","Wojciech","Miller"
"32604","Jan","Szczepanski"
"32605","Przemysław","Urbański"
"32606","Tadeusz","Wieszczeczyński"
"32607","Alojzy","Wolski"
"32608","F.","Ciarkowski"
"32609","A.","Dąbrowski"
"32610","Stanislaw","Gora"
"32611","Jacek","Marecki"
"32612","Ryszard","Pochyluk"
"32613","Tadeusz","Przybylski"
"32614","Jacek","Marecki"
"32615","Zdzisław","Kusto"
"32616","Ryszard","Pochyluk"
"32617","Eugeniusz","Ratajczak"
"32618","Jan","Michalski"
"32619","Kazimierz","Kozłowski"
"32620","Jan","Michalski"
"32621","Zygmunt","Paszota"
"32710","Michal","Rychlik"
"32711","Witold","Stankiewicz"
"32712","Marek","Morzynski"
"32713","Adam","Meissner"
"32714","Adam","Trendowicz"
"32715","Sylwia","Kopczynska"
"32716","Jerzy","Nawrocki"
"32717","Miroslaw","Ochodek"
"32718","Jakub","Jurkiewicz"
"32719","Sylwia","Kopczynska"
"32720","Bartosz","Alchimowicz"
"32721","Krzysztof","Hankiewicz"
"32722","Marcin","Butlewski"
"32723","Wieslaw","Grzybowski"
"32724","Jakub","Stankowski"
"32725","Tomasz","Grajek"
"32726","Damian","Karwowski"
"32727","Krzysztof","Klimaszewski"
"32728","Olgierd","Stankiewicz"
"32729","Krzysztof","Wegner"
"32730","Marek","Domanski"
"32731","Witold","Stankiewicz"
"32732","Michal","Rychlik"
"32733","Wojciech","Bonenberg"
"32734","Conor","Ryan"
"32735","Krzysztof","Krawiec"
"32736","Una-May","OReilly"
"32737","Jeannie","Fitzgerald"
"32738","David","Medernach"
"32739","Agata","Bonenberg"
"32740","Tomasz","Lodygowski"
"32741","Wojciech","Sumelka"
"32742","Andrzej","Gessner"
"32743","Roman","Staniek"
"32744","Tomasz","Bartkowiak"
"32745","Jozef","Jasiczak"
"32746","Pawel","Szymanski"
"32747","Piotr","Nowotarski"
"32748","Wojciech","Jaskowski"
"32749","Krzysztof","Krawiec"
"32750","Bartosz","Wieloch"
"32751","Jiri","Sopousek"
"32752","Jan","Vrestal"
"32753","Jiri","Pinkas"
"32754","Pavel","Broz"
"32755","Jiri","Bursik"
"32756","Ales","Styskalik"
"32757","David","Skoda"
"32758","Ondrej","Zobac"
"32759","Joonho","Lee"
"32760","Adam","Luczak"
"32761","Slawomir","Maćkowiak"
"32762","Jakub","Siast"
"32763","Krzysztof","Hankiewicz"
"32764","Marcin","Butlewski"
"32765","Maciej","Drozdowski"
"32766","Jedrzej","Marszalkowski"
"32767","Marszalkowski","000)"
"32768","Lukasz","Kaminski"
"32769","Krzysztof","Kowalak"
"32770","Pawel","Gardzinski"
"32771","Slawomir","Maćkowiak"
"32772","Aleksandra","Kawecka-Endler"
"32773","Beata","Mrugalska"
"32774","Beata","Mrugalska"
"32775","Manfred","Warmuth"
"32776","Kotlowski","000)"
"32777","Zhou","II)"
"32778","Slawomir","Hanczewski"
"32779","Maciej","Stasiak"
"32780","Adam","Schmidt"
"32781","Mateusz","Jarus"
"32782","Ariel","Oleksiak"
"32783","Tomasz","Piontek"
"32784","Jan","Weglarz"
"32785","Tomasz","Lukaszewski"
"32786","Szymon","Wilk"
"32787","Mateusz","Kowalski"
"32788","Piotr","Kaczmarek"
"32789","Rafal","Kabacinski"
"32790","Mieszko","Matuszczak"
"32791","Kamil","Tranbowicz"
"32792","Robert","Sobkowiak"
"32793","Jozef","Jasiczak"
"32794","Marcin","Kanoniczak"
"32795","Lukasz","Smaga"
"32796","Kamil","Kwarciak"
"32797","Piotr","Formanowicz"
"32798","Adam","Schmidt"
"32799","Radoslaw","Michalowski"
"32800","Nadukuru","IL)"
"32801","Maciej","Piechowiak"
"32802","Piotr","Zwierzykowski"
"32803","Artur","Pozniak"
"32804","Smardzewski","IF)"
"32805","Wojciechowski","000)"
"32806","Wojciech","Jaskowski"
"32807","Krzysztof","Krawiec"
"32808","Bartosz","Wieloch"
"32809","Jerzy","Blaszczynski"
"32810","Jerzy","Stefanowski"
"32811","Lukasz","Idkowiak"
"32812","Witold","Andrzejewski"
"32813","Artur","Gramacki"
"32814","Jaroslaw","Gramacki"
"32815","Adam","Matusiak"
"32816","Mikolaj","Morzy"
"32817","Radoslaw","Ziembinski"
"32818","Dariusz","Czysz"
"32819","Grzegorz","Mrugalski"
"32820","Nilanjan","Mukherjee"
"32821","Janusz","Rajski"
"32822","Jerzy","Tyszer"
"32823","Piotr","Tyczka"
"32824","Tomasz","Bilski"
"32825","Michal","Nowicki"
"32826","Piotr","Skrzypczynski"
"32827","Agata","Bonenberg"
"32828","Malgorzata","Jasiulewicz"
"32829","Przemyslaw","Drozyner"
"32830","Janusz","Kleban"
"32831","Urszula","Suszynska"
"32832","Jakub","Janicki"
"32833","Mark","Kassab"
"32834","Grzegorz","Mrugalski"
"32835","Nilanjan","Mukherjee"
"32836","Janusz","Rajski"
"32837","Jerzy","Tyszer"
"32838","Adam","Schmidt"
"32839","Krzysztof","Walas"
"32840","Zdzislaw","Pawlak"
"32841","Roman","Lewandowski"
"32842","Wojciech","Bonenberg"
"32843","Slawomir","Hanczewski"
"32844","Maciej","Stasiak"
"32845","Joanna","Weissenberg"
"32846","José","Sáez"
"32847","Luengo","000)"
"32848","Stefanowski","000)"
"32849","Herrera","II)"
"32850","Pawel","Lubarski"
"32851","Mikolaj","Morzy"
"32852","Szymon","Francuzik"
"32853","Cezary","Sobaniec"
"32854","Dariusz","Wawrzyniak"
"32855","Maciej","Michalek"
"32856","Michal","Melosik"
"32857","Wieslaw","Marszalek"
"32858","Pawel","Sniatala"
"32859","Mariusz","Naumowicz"
"32860","Melo","de"
"32861","A.","L."
"32862","Nuno","Paulino"
"32863","Jo&#0227","Goes"
"32864","Waqas","Ahmed"
"32865","Esteban","Zimányi"
"32866","Robert","Wrembel"
"32867","Przemyslaw","Herman"
"32868","Wojciech","Kowalczyk"
"32869","Witold","Andrzejewski"
"32870","Pawel","Boinski"
"32871","Jakub","Bernat"
"32872","Jakub","Kolota"
"32873","Slawomir","Stepien"
"32874","Jan","Sykulski"
"32875","Adam","Trendowicz"
"32876","Sylwia","Kopczynska"
"32877","Jakub","Bernat"
"32878","Jakub","Kolota"
"32879","Slawomir","Stepien"
"32880","Grzegorz","Szymanski"
"32881","Dariusz","Brzezinski"
"32882","Maciej","Piernik"
"32883","Jerzy","Nawrocki"
"32884","Miroslaw","Ochodek"
"32885","Jakub","Jurkiewicz"
"32886","Sylwia","Kopczynska"
"32887","Bartosz","Alchimowicz"
"32888","Marek","Mika"
"32889","Rafal","Rozycki"
"32890","Grzegorz","Waligora"
"32891","Pawel","Boinski"
"32892","Maciej","Zakrzewicz"
"32893","Daniele","Santoni"
"32894","Aleksandra","Swiercz"
"32895","Agnieszka","Zmienko"
"32896","Marta","Kasprzak"
"32897","Marek","Blazewicz"
"32898","Paola","Bertolazzi"
"32899","Giovanni","Felici"
"32900","Malgorzata","Marcinkowska-Swojak"
"32901","Katarzyna","Klonowska"
"32902","Marek","Figlerowicz"
"32903","Piotr","Kozlowski"
"32904","Christian","Koncilia"
"32905","Johann","Eder"
"32906","Tadeusz","Morzy"
"32907","Lukasz","Palkowski"
"32908","Jerzy","Blaszczynski"
"32909","Andrzej","Skrzypczak"
"32910","Jan","Blaszczak"
"32911","Karolina","Kozakowska"
"32912","Joanna","Wroblewska"
"32913","Sylwia","Kozuszko"
"32914","Eugenia","Gospodarek"
"32915","Jerzy","Krysinski"
"32916","Roman","Slowinski"
"32917","Rafal","Madonski"
"32918","Marcin","Nowicki"
"32919","Przemyslaw","Herman"
"32920","Lukasz","Palkowski"
"32921","Jerzy","Krysinski"
"32922","Jerzy","Blaszczynski"
"32923","Roman","Slowinski"
"32924","Andrzej","Skrzypczak"
"32925","Jan","Blaszczak"
"32926","Eugenia","Gospodarek"
"32927","Joanna","Wroblewska"
"32928","Marianna","Parzych"
"32929","Adam","Dabrowski"
"32930","Damian","Cetnarowicz"
"32931","Maciej","Komosinski"
"32932","Piotr","Szachewicz"
"32933","Krzysztof","Krawiec"
"32934","Una-May","O'Reilly"
"32935","Krzysztof","Krawiec"
"32936","Una-May","O'Reilly"
"32937","Tomasz","Marciniak"
"32938","Radoslaw","Weychan"
"32939","Agnieszka","Stankiewicz"
"32940","Adam","Dabrowski"
"32941","Conor","Ryan"
"32942","Krzysztof","Krawiec"
"32943","Una-May","OReilly"
"32944","Jeannie","Fitzgerald"
"32945","David","Medernach"
"32946","Maciej","Michalek"
"32947","Marcin","Kielczewski"
"32948","Dorota","Kowalczykiewicz"
"32949","Aleksandra","Swiercz"
"32950","Luiza","Handschuh"
"32951","Katarzyna","Lesniak"
"32952","Marek","Figlerowicz"
"32953","Jan","Wrzesinski"
"32954","Dariusz","Brzezinski"
"32955","Jerzy","Stefanowski"
"32956","Tomasz","Pawlak"
"32957","H.","Blasco"
"32958","Jerzy","Blaszczynski"
"32959","J.","Billaut"
"32960","Nadal-Desbarats","000)"
"32961","Pradat","000)"
"32962","000)","("
"32963","000)","("
"32964","000)","("
"32965","(","R."
"32966","(","P."
"32967","(","P."
"32968","Agnieszka","Zmienko"
"32969","Anna","Samelak"
"32970","Piotr","Kozlowski"
"32971","Marek","Figlerowicz"
"32972","Wojciech","Jaskowski"
"32973","Krzysztof","Krawiec"
"32974","Bartosz","Wieloch"
"32975","Salvatore","Greco"
"32976","Benedetto","Matarazzo"
"32977","Roman","Slowinski"
"32978","Lucjan","Sniezek"
"32979","Slawomir","Stepien"
"32980","Janusz","Torzewski"
"32981","Volodymyr","Hutsaylyuk"
"32982","Pawel","Liskowski"
"32983","Krzysztof","Krawiec"
"32984","Grzegorz","Waligora"
"32985","Marcin","Nowicki"
"32986","Rafal","Madonski"
"32987","Krzysztof","Kozlowski"
"32988","Maciej","Drozdowski"
"32989","Jedrzej","Marszalkowski"
"32990","Marszalkowski","000)"
"32991","Jacek","Blazewicz"
"32992","Pascal","Bouvry"
"32993","Mikhail","Kovalyov"
"32994","Musial","000)"
"32995","Milosz","Ciznicki"
"32996","Krzysztof","Kurowski"
"32997","Jan","Weglarz"
"32998","Dympna","O'Sullivan"
"32999","Julie","Doyle"
"33000","Wojtek","Michalowski"
"33001","Szymon","Wilk"
"33002","Roland","Thomas"
"33003","Ken","Farion"
"33004","Wojciech","Kowalczyk"
"33005","Krzysztof","Kozlowski"
"33006","Andrzej","Lewandowski"
"33007","Agnieszka","Swiderska-Mocek"
"33008","Ewelina","Rudnicka"
"33009","Pawel","Jakobczyk"
"33010","Magdalena","Krawczyk"
"33011","Milosz","Ciznicki"
"33012","Krzysztof","Kurowski"
"33013","Jan","Weglarz"
"33014","Andrzej","Lewandowski"
"33015","Beata","Kurc"
"33016","Agnieszka","Swiderska-Mocek"
"33017","Natalia","Kusa"
"33018","R.","Decker"
"33019","Maciej","Bazarnik"
"33020","Nicolae","Atodiresei"
"33021","Vasile","Caciuc"
"33022","S.","Bluegel"
"33023","Roland","Wiesendanger"
"33024","Piotr","Krawczyk"
"33025","Jan","Skowronski"
"33026","Magdalena","Krawczyk"
"33027","Magdalena","Jeszka-Skowron"
"33028","Henryk","Matusiewicz"
"33029","Jacek","Blazewicz"
"33030","Wojciech","Frohmberg"
"33031","Piotr","Gawron"
"33032","Marta","Kasprzak"
"33033","Michal","Kierzynka"
"33034","Aleksandra","Swiercz"
"33035","Pawel","Wojciechowski"
"33036","Jan","Skowronski"
"33037","Lukasz","Majchrzycki"
"33038","Monika","Michalska"
"33039","Mariusz","Walkowiak"
"33040","Zbigniew","Wilinski"
"33041","Lipinska","Ludwika"
"33042","Witold","Andrzejewski"
"33043","Artur","Gramacki"
"33044","Jaroslaw","Gramacki"
"33045","Adam","Kozak"
"33046","Tomasz","Glowacki"
"33047","Piotr","Formanowicz"
"33048","Andrzej","Lewandowski"
"33049","Agnieszka","Swiderska-Mocek"
"33050","Ewelina","Rudnicka"
"33051","Pawel","Jakobczyk"
"33052","Magdalena","Krawczyk"
"33053","Milosz","Ciznicki"
"33054","Krzysztof","Kurowski"
"33055","Jan","Weglarz"
"33056","Andrzej","Lewandowski"
"33057","Beata","Kurc"
"33058","Agnieszka","Swiderska-Mocek"
"33059","Natalia","Kusa"
"33060","R.","Decker"
"33061","Maciej","Bazarnik"
"33062","Nicolae","Atodiresei"
"33063","Vasile","Caciuc"
"33064","S.","Bluegel"
"33065","Roland","Wiesendanger"
"33066","Piotr","Krawczyk"
"33067","Jan","Skowronski"
"33068","Magdalena","Krawczyk"
"33069","Magdalena","Jeszka-Skowron"
"33070","Henryk","Matusiewicz"
"33071","Jacek","Blazewicz"
"33072","Wojciech","Frohmberg"
"33073","Piotr","Gawron"
"33074","Marta","Kasprzak"
"33075","Michal","Kierzynka"
"33076","Aleksandra","Swiercz"
"33077","Pawel","Wojciechowski"
"33078","Jan","Skowronski"
"33079","Lukasz","Majchrzycki"
"33080","Monika","Michalska"
"33081","Mariusz","Walkowiak"
"33082","Zbigniew","Wilinski"
"33083","Lipinska","Ludwika"
"33084","Witold","Andrzejewski"
"33085","Artur","Gramacki"
"33086","Jaroslaw","Gramacki"
"33087","Adam","Kozak"
"33088","Tomasz","Glowacki"
"33089","Piotr","Formanowicz"
"33090","Katarzyna","Adamska"
"33091","Magdalena","Szubert"
"33092","Adam","Voelkel"
"33093","Zuzanna","Okulus"
"33094","Magdalena","Nowacka"
"33095","Katarzyna","Siwinska-Stefanska"
"33096","Teofil","Jesionowski"
"33097","Jakub","Stankowski"
"33098","Tomasz","Grajek"
"33099","Damian","Karwowski"
"33100","Krzysztof","Klimaszewski"
"33101","Olgierd","Stankiewicz"
"33102","Krzysztof","Wegner"
"33103","Marek","Domanski"
"33104","Andrzej","Lewandowski"
"33105","Agnieszka","Swiderska-Mocek"
"33106","Ewelina","Rudnicka"
"33107","Pawel","Jakobczyk"
"33108","Adam","Luczak"
"33109","Slawomir","Maćkowiak"
"33110","Jakub","Siast"
"33111","Magdalena","Krawczyk"
"33112","Milosz","Ciznicki"
"33113","Krzysztof","Kurowski"
"33114","Jan","Weglarz"
"33115","Andrzej","Lewandowski"
"33116","Beata","Kurc"
"33117","Agnieszka","Swiderska-Mocek"
"33118","Natalia","Kusa"
"33119","Lukasz","Kaminski"
"33120","Krzysztof","Kowalak"
"33121","Pawel","Gardzinski"
"33122","Slawomir","Maćkowiak"
"33123","R.","Decker"
"33124","Maciej","Bazarnik"
"33125","Nicolae","Atodiresei"
"33126","Vasile","Caciuc"
"33127","S.","Bluegel"
"33128","Roland","Wiesendanger"
"33129","Adam","Schmidt"
"33130","Piotr","Krawczyk"
"33131","Jan","Skowronski"
"33132","Magdalena","Krawczyk"
"33133","Magdalena","Jeszka-Skowron"
"33134","Henryk","Matusiewicz"
"33135","Adam","Schmidt"
"33136","Jacek","Blazewicz"
"33137","Wojciech","Frohmberg"
"33138","Piotr","Gawron"
"33139","Marta","Kasprzak"
"33140","Michal","Kierzynka"
"33141","Aleksandra","Swiercz"
"33142","Pawel","Wojciechowski"
"33143","Jan","Skowronski"
"33144","Lukasz","Majchrzycki"
"33145","Monika","Michalska"
"33146","Mariusz","Walkowiak"
"33147","Zbigniew","Wilinski"
"33148","Lipinska","Ludwika"
"33149","Witold","Andrzejewski"
"33150","Artur","Gramacki"
"33151","Jaroslaw","Gramacki"
"33152","Adam","Kozak"
"33153","Tomasz","Glowacki"
"33154","Piotr","Formanowicz"
"33155","Jussi","Ilari"
"33156","Kantola","Tibor"
"33157","Barath","Salman"
"33158","Nazir","Terence"
"33159","Jakub","Leszek"
"33160","Bogdan","Nogalski"
"33161","Przemyslaw","Niewiadomski"
"33162","Agnieszka","Szpitter."
"33163","Malgorzata","Rozkwitalska."
"33164","Janusz","Rymaniak."
"33165","Grzegorz","Wojciech"
"33166","Malgorzata","Rozkwitalska."
"33167","Malgorzata","Rozkwitalska."
"33168","Bogdan","Nogalski."
"33169","Grzegorz","Wojciech"
"33170","Bogdan","Nogalski"
"33171","Przemyslaw","Niewiadomski."
"33172","Bogdan","Nogalski."
"33173","Cezary","Orlowski"
"33174","Artur","Ziolkowski"
"33175","Grzegorz","Paciorkiewicz."
"33176","Jacek","Jaworski"
"33177","Katarzyna","Sokolowska"
"33178","Tomasz","Kondraszuk."
"33179","Grzegorz","Gorniewicz."
"33180","Demetris","Vrontis"
"33181","Yaakov","Weber"
"33182","Evangelos","Tsoukatos."
"33183","Jagienka","Jowanka"
"33184","Andrzej","Piskozub"
"33185","Artur","Roland"
"33186","Grzegorz","Wojciech"
"33187","Christopher","Marc"
"33188","Schlick","Stefan"
"33189","Daria","Becker-Pestka"
"33190","Elzbieta","Kowalik."
"33191","Elzbieta","Kowalik."
"33192","Andrzej","Zygmunt"
"33193","Daria","Becker-Pestka."
"33194","Bogdan","Nogalski"
"33195","Anna","Swirska."
"33196","Marcin","Olkiewicz"
"33197","Magdalena","Drewniak"
"33198","Dorota","Bartochowska."
"33199","Ryszard","Miler"
"33200","Bohdan","Pac"
"33201","Marek","Gogolkiewicz."
"33202","Malgorzata","Rozkwitalska."
"33203","Artur","Roland"
"33204","Malgorzata","Kuć"
"33205","Andrzej","Zduniak."
"33206","Tadeusz","Kasperek."
"33207","Jozef","Zawadzki."
"33208","Janusz","Torunski"
"33209","Marcin","Chrzascik."
"33210","Anna","Elzbieta"
"33211","Marek","Kazimierz"
"33212","Tadeusz","Kasperek."
"33213","Cezary","Orlowski"
"33214","Tomasz","Deregowski"
"33215","Milosz","Kurzawski"
"33216","Artur","Ziolkowski"
"33217","Bartosz","Chrabski."
"33218","Bohdan","Pac"
"33219","Ryszard","Miler."
"33220","Malgorzata","Rozkwitalska."
"33221","Cezary","Orlowski"
"33222","Artur","Ziolkowski"
"33223","Aleksander","Orlowski"
"33224","Pawel","Kaplanski"
"33225","Tomasz","Sitek"
"33226","Witold","Pokrzywicki."
"33227","Bogdan","Nogalski"
"33228","Przemyslaw","Niewiadomski"
"33229","Agnieszka","Szpitter."
"34048","Jussi","Ilari"
"34049","Kantola","Tibor"
"34050","Barath","Salman"
"34051","Nazir","Terence"
"34052","Jakub","Leszek"
"34053","Bogdan","Nogalski"
"34054","Przemyslaw","Niewiadomski"
"34055","Agnieszka","Szpitter."
"34056","Malgorzata","Rozkwitalska."
"34057","Janusz","Rymaniak."
"34058","Grzegorz","Wojciech"
"34059","Malgorzata","Rozkwitalska."
"34060","Malgorzata","Rozkwitalska."
"34061","Bogdan","Nogalski."
"34062","Grzegorz","Wojciech"
"34063","Bogdan","Nogalski"
"34064","Przemyslaw","Niewiadomski."
"34065","Bogdan","Nogalski."
"34066","Cezary","Orlowski"
"34067","Artur","Ziolkowski"
"34068","Grzegorz","Paciorkiewicz."
"34069","Jacek","Jaworski"
"34070","Katarzyna","Sokolowska"
"34071","Tomasz","Kondraszuk."
"34072","Grzegorz","Gorniewicz."
"34073","Demetris","Vrontis"
"34074","Yaakov","Weber"
"34075","Evangelos","Tsoukatos."
"34076","Jagienka","Jowanka"
"34077","Andrzej","Piskozub"
"34078","Artur","Roland"
"34079","Grzegorz","Wojciech"
"34080","Christopher","Marc"
"34081","Schlick","Stefan"
"34082","Daria","Becker-Pestka"
"34083","Elzbieta","Kowalik."
"34084","Elzbieta","Kowalik."
"34085","Andrzej","Zygmunt"
"34086","Daria","Becker-Pestka."
"34087","Bogdan","Nogalski"
"34088","Anna","Swirska."
"34089","Marcin","Olkiewicz"
"34090","Magdalena","Drewniak"
"34091","Dorota","Bartochowska."
"34092","Ryszard","Miler"
"34093","Bohdan","Pac"
"34094","Marek","Gogolkiewicz."
"34095","Malgorzata","Rozkwitalska."
"34096","Artur","Roland"
"34097","Malgorzata","Kuć"
"34098","Andrzej","Zduniak."
"34099","Tadeusz","Kasperek."
"34100","Jozef","Zawadzki."
"34101","Janusz","Torunski"
"34102","Marcin","Chrzascik."
"34103","Anna","Elzbieta"
"34104","Marek","Kazimierz"
"34105","Tadeusz","Kasperek."
"34106","Cezary","Orlowski"
"34107","Tomasz","Deregowski"
"34108","Milosz","Kurzawski"
"34109","Artur","Ziolkowski"
"34110","Bartosz","Chrabski."
"34111","Bohdan","Pac"
"34112","Ryszard","Miler."
"34113","Malgorzata","Rozkwitalska."
"34114","Cezary","Orlowski"
"34115","Artur","Ziolkowski"
"34116","Aleksander","Orlowski"
"34117","Pawel","Kaplanski"
"34118","Tomasz","Sitek"
"34119","Witold","Pokrzywicki."
"34120","Bogdan","Nogalski"
"34121","Przemyslaw","Niewiadomski"
"34122","Agnieszka","Szpitter."
"34123","Jagienka","Jowanka"
"34124","Elzbieta","Kowalik."
"34125","Janusz","Dworak."
"34126","Ewa","Magier-Lakomy"
"34127","Monika","Boguszewicz-Kreft"
"34128","Brigita","Janiunaite."
"34129","Monika","Boguszewicz-Kreft"
"34130","Ewa","Magier-Lakomy"
"34131","Katarzyna","Sokolowska"
"34132","Brigita","Janiunaite."
"34133","Andrzej","Tubielewicz"
"34134","Katarzyna","Tubielewicz."
"34135","Krystyna","Maria"
"34136","Dziworska","Anna"
"34137","Maria","Gorczynska."
"34138","Bogdan","Nogalski"
"34139","Przemyslaw","Niewiadomski."
"34140","Laura","Miroslawa"
"34141","Laura","Miroslawa"
"34142","Malgorzata","Rozkwitalska."
"34143","Grzegorz","Wojciech"
"34144","Andrzej","Tadeusz"
"34145","Rucinski","Konrad"
"34146","Katarzyna","Lis"
"34147","Ewa","Milewska"
"34148","Jerzy","Olszewski"
"34149","Janusz","Rymaniak."
"34150","Mieczyslaw","Goc"
"34151","Krystyn","Luszczuk"
"34152","Andrzej","Luszczuk."
"34153","Tadeusz","Kasperek."
"34154","Marek","Kazimierz"
"34155","Marek","Kazimierz"
"34156","Peter","Kri&#0353"
"34157","Marianna","Debniewska"
"34158","Karol","Wojtowicz."
"34159","Marian","Szczepan"
"34160","Katarzyna","Lis"
"34161","Janusz","Rymaniak."
"34162","Stanislaw","Rudolf."
"34163","Boguslaw","Kot"
"34164","Jacek","Baranski."
"34165","Grzegorz","Gorniewicz."
"34166","Tomas","Kliestik."
"34167","Magdalena","Lyszkiewicz."
"34168","Cezary","Orlowski"
"34169","Artur","Ziolkowski"
"34170","Aleksander","Orlowski"
"34171","Pawel","Kaplanski"
"34172","Tomasz","Sitek"
"34173","Witold","Pokrzywicki."
"34174","Marcin","Zemigala."
"34175","Monika","Zajkowska."
"34176","Bogdan","Nogalski"
"34177","Przemyslaw","Niewiadomski."
"34178","Bogdan","Nogalski"
"34179","Przemyslaw","Niewiadomski."
"34180","Cezary","Orlowski"
"34181","Artur","Ziolkowski"
"34182","Aleksander","Orlowski"
"34183","Pawel","Kaplanski"
"34184","Tomasz","Sitek"
"34185","Witold","Pokrzywicki."
"34186","Miroslaw","Wladyslaw"
"34187","Jacek","Wachowicz."
"34188","Barney","Raffield"
"34189","III","Zoia"
"34190","Zoia","Kaira."
"34191","Ryszard","Knosala."
"34192","Ryszard","Knosala."
"34193","Daria","Becker-Pestka."
"34194","Bohdan","Pac."
"34195","Malgorzata","Rozkwitalska"
"34196","Beata","A."
"34197","Basinska","Michal"
"34198","Chmielecki","Sylwia"
"34199","Przytula","Lukasz"
"34200","Monika","Zajkowska."
"34201","Jacek","Jaworski"
"34202","Katarzyna","Sokolowska"
"34203","Tomasz","Kondraszuk."
"34204","Andrzej","Tubielewicz."
"34205","Bogdan","Nogalski"
"34206","Przemyslaw","Niewiadomski"
"34207","Agnieszka","Szpitter."
"34208","Ilona","Kedzierska-Bujak"
"34209","Jacek","Jaworski."
"34210","Krystyn","Luszczuk"
"34211","Mieczyslaw","Goc"
"34212","Andrzej","Luszczuk."
"34213","Marek","Kazimierz"
"34214","Janusz","Dworak."
"34215","Tadeusz","Miruszewski."
"34216","Stefan","Zbigniew"
"34217","Tokarski","Krzysztof"
"34218","Tokarski","Joanna"
"34219","Radoslaw","Drozd"
"34220","Marcin","Kisielewski."
"34221","Malgorzata","Wach-Kloskowska."
"34222","Grazyna","Osbert-Pociecha"
"34223","Stanislaw","Nowosielski."
"34224","Jozef","Zawadzki"
"34225","Grzegorz","Wojciech"
"34226","Bogdan","Nogalski"
"34227","Przemyslaw","Niewiadomski."
"34228","Daria","Becker-Pestka."
"34229","Anna","Kosieradzka"
"34230","Cezary","Orlowski."
"34231","Grzegorz","Gorniewicz."
"34232","Daria","Becker-Pestka."
"34233","Cezary","Orlowski"
"34234","Artur","Ziolkowski"
"34235","Aleksander","Orlowski"
"34236","Pawel","Kaplanski"
"34237","Tomasz","Sitek"
"34238","Witold","Pokrzywicki."
"34239","Cezary","Orlowski"
"34240","Tomasz","Deregowski"
"34241","Milosz","Kurzawski"
"34242","Artur","Ziolkowski."
"34243","Janusz","Dworak."
"34244","Bogdan","Nogalski"
"34245","Roman","Czapiewski."
"34246","Janusz","Dworak."
"34247","Ryszard","Miler."
"34248","Peter","Kri&#0353"
"34249","tofik","Michal"
"34250","I&#0353","tok."
"34251","Jolanta","Kruk."
"34252","Jakub","Leszek"
"34253","Andrzej","Stanek."
"34254","Marcin","Kalinowski."
"34255","Daria","Becker-Pestka."
"34256","Olga","Ludyga."
"34257","Daria","Becker-Pestka."
"34258","Stanislaw","Rudolf."
"34259","Ryszard","Miler."
"34260","Katarzyna","Tubielewicz"
"34261","Andrzej","Tubielewicz."
"34262","Grzegorz","Wojciech"
"34263","Renata","Gminska."
"34264","Duch","Wlodzislaw"
"34265","Hummel","Wolfgang"
"34266","Roszak","Aleksander"
"34267","B&#0252","rgi"
"34268","Duch","Wlodzislaw"
"34269","Karwowski","Jacek"
"34270","Skowronska","Miroslawa"
"34271","Skowronska","Miroslawa"
"34272","Syslo","Maciej"
"34273","Wasilewski","Jan"
"34274","Skowronska","Miroslawa"
"34275","Syslo","Maciej"
"34276","Urbanski","Mariusz"
"34277","Fitzer","Erich"
"34278","Li","J."
"34279","Rozploch","Franciszek"
"34280","Stumm","Thomas"
"34281","Kowalczyk","Halina"
"34282","Gojowy","Piotr"
"34283","Garbacz","Jerzy"
"34284","K.","Biniak"
"34285","Stanislaw","Kopkowski"
"34286","Alberich","Ricardo"
"34287","Burmeister","Peter"
"34288","Rossello","Francesc"
"34289","Valiente","Gabriel"
"34290","Wojdylo","Boleslaw"
"34291","Gojowy","Piotr"
"34292","Garbacz","Jerzy"
"34293","K.","Kowalczyk-Dembinska"
"34294","Halina","Dabrowski"
"34295","Gojowy","Piotr"
"34296","Ceynowa","Jozef"
"34297","Adamczak","Piotr"
"34298","Staniszewski","Marek"
"34299","Gojowy","Piotr"
"34300","Gojowy","Piotr"
"34301","Skowronski","Jan"
"34302","M.","Patyk"
"34303","Jaromir","Rozploch"
"34304","Kryszewski","Wojciech"
"34305","Kryszewski","Wojciech"
"34306","Gojowy","Piotr"
"34307","Farley","Arthur"
"34308","M.","Proskurowski"
"34309","Andrzej","Skowronska"
"34310","Miroslawa","Syslo"
"34311","Maciej","M."
"34312","Borowiecki","Mieczyslaw"
"34313","Haluszczak","Mariusz"
"34314","Skowronska","Miroslawa"
"34315","Berndt-Schreiber","Maria"
"34316","Bieganowski","Lech"
"34317","Gojowy","Piotr"
"34318","Gojowy","Piotr"
"34319","Gojowy","Piotr"
"34320","Ceynowa","Jozef"
"34321","Adamczak","Piotr"
"34322","Gojowy","Piotr"
"34323","Gojowy","Piotr"
"34324","Gojowy","Piotr"
"34325","Jankowska","Malgorzata"
"34326","Kotlowski","Jan"
"34327","Gojowy","Piotr"
"34328","Wodzki","Romuald"
"34329","Szczepanska","Grazyna"
"34330","Gojowy","Piotr"
"34331","Gojowy","Piotr"
"34332","Gauden","Piotr"
"34333","A.","Ćwiertnia"
"34334","Magdalena","S."
"34335","Wisniewski","Marek"
"34336","Szymanski","Grzegorz"
"34337","S.","Rychlicki"
"34338","Gerhard","Garbacz"
"34339","Jerzy","K."
"34340","Gojowy","Piotr"
"34341","Lemanowska","Eliza"
"34342","Buczkowski","Roman"
"34343","Iglinski","Bartlomiej"
"34344","Rozploch","Franciszek"
"34345","Skowronski","Jan"
"34346","M.","Nowak"
"34347","Lidia","Patyk"
"34348","Jaromir","Szatkowski"
"34349","Wypychowski","Jaroslaw"
"34350","Pytlinski","Jaroslaw"
"34351","Skorwider","Lukasz"
"34352","Nazaruk","Miroslaw"
"34353","Benedyczak","Krzysztof"
"34354","Wronski","Michal"
"34355","Bala","Piotr"
"34356","Barczyk","Tomasz"
"34357","Gojowy","Piotr"
"34358","Barczyk","Tomasz"
"34359","Kowalczyk","Piotr"
"34360","Tanaka","Hideki"
"34361","Kaneko","Katsumi"
"34362","Terzyk","Artur"
"34363","P.","Do"
"34364","Duong","D."
"34365","Schreiber","Tomasz"
"34366","Yukich","Joseph"
"34367","Barczyk","Tomasz"
"34368","Dudzik","Sebastian"
"34369","Gauden","Piotr"
"34370","A.","Terzyk"
"34371","Artur","P."
"34372","Kowalczyk","Piotr"
"34373","Gauden","Piotr"
"34374","Barczyk","Tomasz"
"34375","Gojowy","Piotr"
"34376","Chruscinska","Alicja"
"34377","Przegietka","Krzysztof"
"34378","R.","Szroeder"
"34379","Pawel","Oczkowski"
"34380","Hubert","L."
"34381","Rozploch","Franciszek"
"34382","Bocian","Rafal"
"34383","Skowronski","Andrzej"
"34384","Dappe","Yannick"
"34385","J.","Oszwaldowski"
"34386","Rafal","Pou"
"34387","Pablo","Ortega"
"34388","Jos&#0233","P&#0233"
"34389","rez","Rub&#0233"
"34390","n","Flores"
"34391","Szroeder","Pawel"
"34392","Chruscinska","Alicja"
"34393","Przegietka","Krzysztof"
"34394","R.","Kulesza"
"34395","Borkowski","Dariusz"
"34396","Piekniewski","Filip"
"34397","Schreiber","Tomasz"
"34398","Szczepanska","Grazyna"
"34399","Wodzki","Romuald"
"34400","Szczepanska","Grazyna"
"34401","Wodzki","Romuald"
"34402","Piekniewski","Filip"
"34403","Gojowy","Piotr"
"34404","Retkowska","Izabella"
"34405","Rozploch","Franciszek"
"34406","Patyk","Jaromir"
"34407","Stankowski","Jan"
"34408","Dudzik","Sebastian"
"34409","Bielinska-Waz","Dorota"
"34410","Nowak","Wieslaw"
"34411","Waz","Piotr"
"34412","Nandy","Ashesh"
"34413","Clark","Timothy"
"34414","Bocian","Rafal"
"34415","Skowronski","Andrzej"
"34416","Holm","Thorsten"
"34417","Terzyk","Artur"
"34418","P.","Furmaniak"
"34419","Sylwester","Gauden"
"34420","Piotr","A."
"34421","Harris","Peter"
"34422","J.","F."
"34423","Wloch","Jerzy"
"34424","Kowalczyk","Piotr"
"34425","Kaczmarek","Halina"
"34426","Podgorski","Andrzej"
"34427","Skiba","Robert"
"34428","Barczyk","Tomasz"
"34429","Gojowy","Piotr"
"34430","Barczyk","Tomasz"
"34431","Buszewski","Boguslaw"
"34432","Michel","Monika"
"34433","Szczepanska","Grazyna"
"34434","Szczepanski","Piotr"
"34435","Wodzki","Romuald"
"34436","Basiul","Marek"
"34437","Barczyk","Tomasz"
"34438","Basiul","Marek"
"34439","Baturo","Pawel"
"34440","Piatkowski","Marcin"
"34441","Rytter","Wojciech"
"34442","Szczepanska","Grazyna"
"34443","Szczepanski","Piotr"
"34444","Wodzki","Romuald"
"34445","Szczepanska","Grazyna"
"34446","Szczepanski","Piotr"
"34447","Wodzki","Romuald"
"34448","Wodzki","Romuald"
"34449","Szczepanski","Piotr"
"34450","Pawlowski","Radoslaw"
"34451","Baryshnikov","Yuliy"
"34452","M.","Eichelsbacher"
"34453","Peter","Schreiber"
"34454","Tomasz","Yukich"
"34455","Joseph","Elliott"
"34456","Szroeder","Pawel"
"34457","Chruscinska","Alicja"
"34458","Przegietka","Krzysztof"
"34459","Kulesza","Slawomir"
"34460","Schreiber","Tomasz"
"34461","Rozploch","Franciszek"
"34462","Patyk","Jaromir"
"34463","Stankowski","Jan"
"34464","Szroeder","Pawel"
"34465","Piekniewski","Filip"
"34466","Schreiber","Tomasz"
"34467","Krupska","Aldona"
"34468","Jurga","Witold"
"34469","Piekara-Sady","Lidia"
"34470","Szroeder","Pawel"
"34471","Rozploch","Franciszek"
"34472","Barczyk","Tomasz"
"34473","Retkowska","Izabella"
"34474","Dudzik","Sebastian"
"34475","Barczyk","Tomasz"
"34476","Basiul","Marek"
"34477","Barczyk","Tomasz"
"34478","Gojowy","Piotr"
"34479","Gojowy","Piotr"
"34480","Wisniewski","Piotr"
"34481","Gojowy","Piotr"
"34482","Barczyk","Tomasz"
"34483","Terzyk","Artur"
"34484","P.","Furmaniak"
"34485","Sylwester","Gauden"
"34486","Piotr","A."
"34487","Kowalczyk","Piotr"
"34488","Michel","Monika"
"34489","Buszewski","Boguslaw"
"34490","Grzywacz","Andrzej"
"34491","Baturo","Pawel"
"34492","Piatkowski","Marcin"
"34493","Rytter","Wojciech"
"34494","Denkowski","Marcin"
"34495","Chlebiej","Michal"
"34496","Mikolajczak","Pawel"
"34497","Chlebiej","Michal"
"34498","Denkowski","Marcin"
"34499","Nowinski","Krzysztof"
"34500","Piekniewski","Filip"
"34501","Santos","Hernan"
"34502","Ayuela","Andr&#0233"
"34503","s","Jaskolski"
"34504","Wlodzimierz","Pelc"
"34505","Marta","Chico"
"34506","Sylwestrzak","Marcin"
"34507","Kwiatkowska","Ewa"
"34508","A.","Karaszkiewicz"
"34509","Pawel","Iwanicka"
"34510","Magdalena","Targowski"
"34511","Pregowski","Nikodem"
"34512","Wodzki","Romuald"
"34513","Szczepanski","Piotr"
"34514","Szczepanska","Grazyna"
"34515","Szczepanski","Piotr"
"34516","Wodzki","Romuald"
"34517","Szczepanska","Grazyna"
"34518","Szczepanski","Piotr"
"34519","Wodzki","Romuald"
"34520","Chico","Leonor"
"34521","Santos","Hernan"
"34522","Ayuela","Andr&#0233"
"34523","s","Jaskolski"
"34524","Wlodzimierz","Pelc"
"34525","Marta","Brey"
"34526","Eichelsbacher","Peter"
"34527","Schreiber","Tomasz"
"34528","Schreiber","Tomasz"
"34529","Borkowski","Dariusz"
"34530","Simson","Daniel"
"34531","Prejs","Ewa"
"34532","Gojowy","Piotr"
"34533","Krysztowiak","Przemyslaw"
"34534","Meina","Michal"
"34535","Pregowski","Nikodem"
"34536","Bialowicz","Krzysztof"
"34537","Michorzewski","Witold"
"34538","Pregowski","Nikodem"
"34539","Dudzik","Sebastian"
"34540","Gojowy","Piotr"
"34541","Barczyk","Tomasz"
"34542","Sliwinska","Milena"
"34543","Kulpinska","Katarzyna"
"34544","Gojowy","Piotr"
"34545","Barczyk","Tomasz"
"34546","Gojowy","Piotr"
"34547","Frydrychowicz","Joanna"
"34548","Polak","Agnieszka"
"34549","Simson","Daniel"
"34550","Gasiorek","Marcin"
"34551","Simson","Daniel"
"34552","Bielinska-Waz","Dorota"
"34553","Radoszewski","Jakub"
"34554","Rytter","Wojciech"
"34555","Wesolowski","Radoslaw"
"34556","P.","Terzyk"
"34557","Artur","P."
"34558","Jaskolski","Wlodzimierz"
"34559","Ayuela","Andr&#0233"
"34560","s","Pelc"
"34561","Marta","Santos"
"34562","Hernan","Chico"
"34563","Sylwestrzak","Marcin"
"34564","Szlag","Daniel"
"34565","Szkulmowski","Maciej"
"34566","Targowski","Piotr"
"34567","Jaskolski","Wlodzimierz"
"34568","Pelc","Marta"
"34569","Chico","Leonor"
"34570","Ayuela","Andr&#0233"
"34571","Ratajczak","Ewa"
"34572","Feit","Julia"
"34573","Gorzelanczyk","Edward"
"34574","Retkowska","Izabella"
"34575","Barczyk","Tomasz"
"34576","Dudzik","Sebastian"
"34577","Barczyk","Tomasz"
"34578","Dudzik","Sebastian"
"34579","Felisiak","Mariusz"
"34580","Simson","Daniel"
"34581","Dudzik","Sebastian"
"34582","Gojowy","Piotr"
"34583","Szczepanski","Piotr"
"34584","Szczepanska","Grazyna"
"34585","Wodzki","Romuald"
"34586","Sheng","Wei-dong"
"34587","Korkusinski","Marek"
"34588","G&#0252","&#0231"
"34589","l&#0252","Alev"
"34590","Devrim","Zielinski"
"34591","Michal","Potasz"
"34592","Pawel","Kadantsev"
"34593","Eugene","S."
"34594","Voznyy","Oleksandr"
"34595","Hawrylak","Pawel"
"34596","Kosakowska","Justyna"
"34597","Jankowski","Norbert"
"34598","Sylwestrzak","Marcin"
"34599","Szlag","Daniel"
"34600","Szkulmowski","Maciej"
"34601","Gorczynska","Iwona"
"34602","Bukowska","Danuta"
"34603","Wojtkowski","Maciej"
"34604","Targowski","Piotr"
"34605","Piersa","Jaroslaw"
"34606","Piersa","Jaroslaw"
"34607","Schreiber","Tomasz"
"34608","Maszczyk","Tomasz"
"34609","Duch","Wlodzislaw"
"34610","Rytter","Wojciech"
"34611","Szreder","Bartosz"
"34612","Borkowski","Dariusz"
"34613","Janczak-Borkowska","Katarzyna"
"34614","Borkowski","Dariusz"
"34615","Prejs","Ewa"
"34616","Mederski","Jaroslaw"
"34617","Dzedzej","Zdzislaw"
"34618","Kryszewski","Wojciech"
"34619","Gojowy","Piotr"
"34620","Szczepanski","Piotr"
"34621","Wodzki","Romuald"
"34622","Gasiorek","Marcin"
"34623","Simson","Daniel"
"34624","Kraskiewicz","Witold"
"34625","Weyman","Jerzy"
"34626","Dudzik","Sebastian"
"34627","Gojowy","Piotr"
"34628","Pelc","Marta"
"34629","Jaskolski","Wlodzimierz"
"34630","Ayuela","Andr&#0233"
"34631","s","Chico"
"34632","Polak","Agnieszka"
"34633","Simson","Daniel"
"34634","Schreiber","Tomasz"
"34635","Yukich","Joseph"
"34636","Mikulski","Lukasz"
"34637","Piatkowski","Marcin"
"34638","Kozlowska","Anna"
"34639","Wyrabkiewicz","Kamil"
"34640","Boniewicz","Miroslaw"
"34641","Simson","Daniel"
"34642","Zajac","Katarzyna"
"34643","Polak","Agnieszka"
"34644","Simson","Daniel"
"34645","Simson","Daniel"
"34646","Simson","Daniel"
"34647","Felisiak","Mariusz"
"34648","Sokolov","Oleksandr"
"34649","Morozova","Olga"
"34650","Szczepanski","Piotr"
"34651","Wodzki","Romuald"
"34652","Zajac","Katarzyna"
"34653","Piersa","Jaroslaw"
"34654","Szroeder","Pawel"
"34655","Gorska","Agnieszka"
"34656","Tsierkezos","Nikos"
"34657","G.","Ritter"
"34658","Uwe","Strupinski"
"34659","Pelc","Marta"
"34660","Chico","Leonor"
"34661","Ayuela","Andr&#0233"
"34662","s","Jaskolski"
"34663","Kozlowska","Anna"
"34664","Sylwestrzak","Marcin"
"34665","Szlag","Daniel"
"34666","Szkulmowski","Maciej"
"34667","Gorczynska","Iwona"
"34668","Bukowska","Danuta"
"34669","Wojtkowski","Maciej"
"34670","Targowski","Piotr"
"34671","Simson","Daniel"
"34672","Krysztowiak","Przemyslaw"
"34673","Gojowy","Piotr"
"34674","Marczak","Grzegorz"
"34675","Simson","Daniel"
"34676","Zajac","Katarzyna"
"34677","Bocian","Rafal"
"34678","Felisiak","Mariusz"
"34679","Simson","Daniel"
"34680","Polak","Agnieszka"
"34681","Simson","Daniel"
"34682","Gasiorek","Marcin"
"34683","Olewnik-Kruszkowska","Ewa"
"34684","Olewnik-Kruszkowska","Ewa"
"34685","Kowalski","Krzysztof"
"34686","Retkowska","Izabella"
"34687","Dudzik","Sebastian"
"34688","Janicki","Ryszard"
"34689","Kleijn","Jetty"
"34690","Koutny","Maciej"
"34691","Mikulski","Lukasz"
"34692","Janicki","Ryszard"
"34693","Kleijn","Jetty"
"34694","Koutny","Maciej"
"34695","Mikulski","Lukasz"
"34696","Ryczkowska","Magdalena"
"34697","Syslo","Maciej"
"34698","M.","Kwiatkowska"
"34699","Anna","Beata"
"34700","Gojowy","Piotr"
"34701","Gojowy","Piotr"
"34702","Gasiorek","Marcin"
"34703","Simson","Daniel"
"34704","Zajac","Katarzyna"
"34705","Twardowska","Magdalena"
"34706","Kaminska","Izabela"
"34707","Wiwatowski","Kamil"
"34708","Ashraf","Khuram"
"34709","Cogdell","Richard"
"34710","J.","Maćkowski"
"34711","Sebastian","Niedziolka-J&#0246"
"34712","nsson","Joanna"
"34713","Bocian","Rafal"
"34714","Felisiak","Mariusz"
"34715","Simson","Daniel"
"34716","Furmaniak","Sylwester"
"34717","Terzyk","Artur"
"34718","P.","Gauden"
"34719","Piotr","A."
"34720","Kowalczyk","Piotr"
"34721","Harris","Peter"
"34722","J.","F."
"34723","Szroeder","Pawel"
"34724","Tsierkezos","Nikos"
"34725","G.","Walczyk"
"34726","Mariusz","Strupinski"
"34727","Wlodzimierz","Gorska-Pukownik"
"34728","Agnieszka","Strzelecki"
"34729","Janusz","Wiwatowski"
"34730","Kamil","Scharff"
"34731","Peter","Ritter"
"34732","Borkowski","Dariusz"
"34733","Jakubowski","Adam"
"34734","Janczak-Borkowska","Katarzyna"
"34735","Ayuela","Andr&#0233"
"34736","s","Jaskolski"
"34737","Wlodzimierz","Santos"
"34738","Hernan","Chico"
"34739","Jaskolski","Wlodzimierz"
"34740","Ayuela","Andr&#0233"
"34741","Jakubowski","Rafal"
"34742","Gogolinska","Anna"
"34743","Peplowski","Lukasz"
"34744","Skrzyniarz","Piotr"
"34745","Nowak","Wieslaw"
"34746","Osinska","Veslava"
"34747","Gasiorek","Marcin"
"34748","Simson","Daniel"
"34749","Zajac","Katarzyna"
"34750","Dudzik","Sebastian"
"34751","Dudzik","Sebastian"
"34752","Olewnik-Kruszkowska","Ewa"
"34753","Kowalski","Krzysztof"
"34754","Kasperska","Patrycja"
"34755","Richert","Jozef"
"34756","Marak","Katarzyna"
"34757","Dudzik","Sebastian"
"34758","Osinska","Veslava"
"34759","Osinski","Grzegorz"
"34760","Tomaszewski","Wojciech"
"34761","Kaczmarski","Krzysztof"
"34762","Przymus","Piotr"
"34763","Rzazewski","Pawel"
"34764","Krysztowiak","Przemyslaw"
"34765","Syslo","Maciej"
"34766","Eichelsbacher","Peter"
"34767","Rai&#0269","Martin"
"34768","Schreiber","Tomasz"
"34769","Maćkowski","Sebastian"
"34770","Kaminska","Izabela"
"34771","Felisiak","Mariusz"
"34772","Simson","Daniel"
"34773","Kaniecki","Mariusz"
"34774","Kosakowska","Justyna"
"34775","Malicki","Piotr"
"34776","Marczak","Grzegorz"
"34777","Kasjan","Stanislaw"
"34778","Simson","Daniel"
"34779","Kasjan","Stanislaw"
"34780","Simson","Daniel"
"34781","Kasjan","Stanislaw"
"34782","Simson","Daniel"
"34783","Gasiorek","Marcin"
"34784","Simson","Daniel"
"34785","Zajac","Katarzyna"
"34786","Berner","Nina"
"34787","C.","Winters"
"34788","Sin&#0233","ad"
"34789","Backes","Claudia"
"34790","Yim","Chanyoung"
"34791","D&#0252","mbgen"
"34792","KIm","C."
"34793","Kaminska","Izabela"
"34794","Maćkowski","Sebastian"
"34795","Cafolla","Attilio"
"34796","A.","Hirsch"
"34797","Andreas","Duesberg"
"34798","Georg","S."
"34799","Twardowska","Magdalena"
"34800","Chomicki","Dariusz"
"34801","Kaminska","Izabela"
"34802","Niedziolka-J&#0246","nsson"
"34803","Joanna","Maćkowski"
"34804","Jaskolski","Wlodzimierz"
"34805","Chico","Leonor"
"34806","Ayuela","Andr&#0233"
"34807","Pelc","Marta"
"34808","Jaskolski","Wlodzimierz"
"34809","Ayuela","Andr&#0233"
"34810","s","Chico"
"34811","Retkowska","Izabella"
"34812","Barylska","Kamila"
"34813","Best","Eike"
"34814","Boudalis","Georgios"
"34815","Ciechanska","Marzenna"
"34816","Engel","Patricia"
"34817","Ion","Rodica"
"34818","Kecskem&#0233","ti"
"34819","Istvan","Moussakova"
"34820","Elissaveta","Pinzari"
"34821","Flavia","Schir&#0242"
"34822","Joseph","Vodopivec"
"34823","Karbowska-Berent","Joanna"
"34824","Trykowski","Grzegorz"
"34825","Trykowski","Grzegorz"
"34826","Biniak","Stanislaw"
"34827","Stobinski","Leszek"
"34828","Malolepszy","Artur"
"34829","Maćkowski","Sebastian"
"34830","Kaminska","Izabela"
"34831","Gojowy","Piotr"
"34832","Nayak","Pramoda"
"34833","Janicki","Ryszard"
"34834","Kleijn","Jetty"
"34835","Koutny","Maciej"
"34836","Mikulski","Lukasz"
"34837","Radchenko","T."
"34838","M.","Tatarenko"
"34839","V.","A."
"34840","Sagalianov","I."
"34841","Yu.","Prylutskyy"
"34842","Yu.","I."
"34843","Szroeder","Pawel"
"34844","Biniak","Stanislaw"
"34845","Simson","Daniel"
"34846","Simson","Daniel"
"34847","Mroz","Andrzej"
"34848","Mroz","Andrzej"
"34849","Ilnicka","Anna"
"34850","Lukaszewicz","Jerzy"
"34851","Furmaniak","Sylwester"
"34852","Terzyk","Artur"
"34853","P.","Gauden"
"34854","Piotr","A."
"34855","Wloch","Jerzy"
"34856","Kowalczyk","Piotr"
"34857","Werengowska-Ciećwierz","Karolina"
"34858","M.","Wisniewski"
"34859","Marek","Harris"
"34860","Peter","J."
"34861","Wloch","Jerzy"
"34862","Terzyk","Artur"
"34863","P.","Gauden"
"34864","Piotr","A."
"34865","Wesolowski","Radoslaw"
"34866","P.","Kowalczyk"
"34867","Ryczkowska","Magdalena"
"34868","Nowicki","Marek"
"34869","Bala","Piotr"
"34870","Gasiorek","Marcin"
"34871","Simson","Daniel"
"34872","Zajac","Katarzyna"
"34873","Mroz","Andrzej"
"34874","Jaskolski","Wlodzimierz"
"34875","Pelc","Marta"
"34876","Chico","Leonor"
"34877","Ayuela","Andr&#0233"
"34878","Bednarz","Ewelina"
"34879","Wesolowski","Radoslaw"
"34880","P.","Terzyk"
"34881","Artur","P."
"34882","Biniak","Stanislaw"
"34883","Pakula","Maciej"
"34884","Swiatkowski","Andrzej"
"34885","Kusmierek","Krzysztof"
"34886","Trykowski","Grzegorz"
"34887","Kaminska","Izabela"
"34888","Wiwatowski","Kamil"
"34889","Maćkowski","Sebastian"
"34890","Wisniewski","Marek"
"34891","Roszek","Katarzyna"
"34892","Wloch","Jerzy"
"34893","Terzyk","Artur"
"34894","P.","Kowalczyk"
"34895","Zajac","Katarzyna"
"34896","Finc","Karolina"
"34897","Bonna","Kamil"
"34898","Lewandowska","Monika"
"34899","Wolak","Tomasz"
"34900","Nikadon","Jan"
"34901","Dreszer","Joanna"
"34902","Duch","Wlodzislaw"
"34903","K&#0252","hn"
"34904","Lee","Kevin"
"34905","F.","Kowzan"
"34906","Grzegorz","Lee"
"34907","C.-C.","Mohr"
"34908","Christian","Jiang"
"34909","Jie","Schunemann"
"34910","Peter","G."
"34911","Schibli","Thomas"
"34912","R.","Maslowski"
"34913","Piotr","Fermann"
"34914","Martin","E."
"34915","Simson","Daniel"
"34916","Zajac","Katarzyna"
"34917","Druz","V.A."
"34918","Iermakov","Sergiej"
"34919","S.","Artemyeva"
"34920","G.P.","Puhach"
"34921","Y.","I."
"34922","Muszkieta","Radoslaw"
"34923","Rafal","Lutowski"
"34924","Nansen","Petrosyan"
"34925","Andrzej","Szczepanski."
"34926","M.","Dettlaff"
"34927","M.","Lemanska"
"34928","Jerzy","Topp"
"34929","Pawel","Zylinski."
"34930","Rafal","Dutkiewicz"
"34931","Agnieszka","Nowak."
"34932","Tomasz","Puzyn"
"34933","Nina","Jeliazkova"
"34934","Haralambos","Sarimveis"
"34935","Richard","L."
"34936","Marchese","Robinson"
"34937","Vladimir","Lobaskin"
"34938","Robert","Rallo"
"34939","Andrea-N.","Richarz"
"34940","Agnieszka","Gajewicz"
"34941","Manthos","G."
"34942","Papadopulos","Janna"
"34943","Hastings","Mark"
"34944","T.","D."
"34945","Cronin","Emilio"
"34946","Benfenati","Alberto"
"34947","Fern&#0225","ndez."
"34948","Michal","Suchanek"
"34949","Marcin","Wolek."
"34950","Joanna","Jedrzejowicz"
"34951","Piotr","Jedrzejowicz."
"34952","Rafal","Dutkiewicz"
"34953","Malgorzata","Nowak"
"34954","Elizabeth","A."
"34955","Craig","Jaroslaw"
"34956","Joanna","Jedrzejowicz"
"34957","Piotr","Jedrzejowicz"
"34958","Izabela","Wierzbowska."
"34959","Natalia","Miekus"
"34960","Ilona","Oledzka"
"34961","Alina","Plenis"
"34962","Piotr","Kowalski"
"34963","Ewa","Bien"
"34964","Aleksandra","Miekus"
"34965","Malgorzata","Anna"
"34966","Krawczyk","Elzbieta"
"34967","Adamkiewicz-Drozynska","Tomasz"
"34968","Joanna","Jedrzejowicz"
"34969","Piotr","Jedrzejowicz."
"34970","Kamila","Migdal-Najman"
"34971","Krzysztof","Najman."
"34972","Kamila","Migdal-Najman"
"34973","Krzysztof","Najman."
"34974","Wojciech","Delewski"
"34975","Bogumila","Paterkiewicz"
"34976","Mateusz","Manicki"
"34977","Brenda","Schilke"
"34978","Bartlomiej","Tomiczek"
"34979","Szymon","J."
"34980","Ciesielski","Lukasz"
"34981","Nierzwicki","Jacek"
"34982","Czub","Rafal"
"34983","Dutkiewicz","Elizabeth"
"34984","A.","Craig"
"34985","Jaroslaw","Marszalek."
"34986","Marek","Klein"
"34987","Joanna","Nadolna"
"34988","Anna","Golabiewska"
"34989","Pawel","Mazierski"
"34990","Tomasz","Klimczuk"
"34991","Hynd","Remita"
"34992","Adriana","Zaleska-Medynska."
"34993","Andrzej","Letkiewicz"
"34994","Beata","Majecka"
"34995","Michal","Suchanek."
"34996","Joanna","Jedrzejowicz"
"34997","Piotr","Jedrzejowicz."
"34998","Adam","Liwo"
"34999","Antti","Niemi"
"35000","Xubiao","Peng"
"35001","Adam","K."
"35002","Alicja","Mikolajczyk"
"35003","H.","P."
"35004","Pinto","Agnieszka"
"35005","Gajewicz","Tomasz"
"35006","Puzyn","J."
"35007","Omer","Sakarya."
"35008","Joanna","Jedrzejowicz"
"35009","Piotr","Jedrzejowicz."
"35010","Magdalena","A."
"35011","Mozolewska","Pawel"
"35012","Krupa","Harold"
"35013","A.","Scheraga"
"35014","Adam","Liwo."
"35015","Kamila","Migdal-Najman."
"35016","Emilia","Dobrowolska."
"35017","Sylwia","Badowska"
"35018","Anna","Golec."
"35019","Roland","Lill"
"35020","Rafal","Dutkiewicz"
"35021","Sven","A."
"35022","Freibert","Torsten"
"35023","Heidenreich","Judita"
"35024","Mascarenhas","Daili"
"35025","J.","Netz"
"35026","Viktoria","D."
"35027","Paul","Antonio"
"35028","J.","Pierik"
"35029","Nadine","Richter"
"35030","Martin","St&#0252"
"35031","mpfig","Vasundara"
"35032","Srinivasan","Oliver"
"35033","Stehling","Ulrich"
"35034","M&#0252","hlenhoff."
"35035","Krzysztof","Najman."
"35036","Joanna","Jedrzejowicz"
"35037","Piotr","Jedrzejowicz."
"35038","Marcin","Markiewicz"
"35039","Anna","Przysiezna"
"35040","Stephen","Brierley"
"35041","Tomasz","Paterek."
"35042","Dorota","Wilenska"
"35043","Piotr","Skurski"
"35044","Iwona","Anusiewicz."
"35045","Mateusz","Moskalik"
"35046","Jaroslaw","Tegowski"
"35047","Piotr","Grabowiecki"
"35048","Monika","Zulichowska."
"35049","Jolanta","Kumirska"
"35050","Alina","Plenis"
"35051","Paulina","Lukaszewicz"
"35052","Magda","Caban"
"35053","Natalia","Migowska"
"35054","Anna","Bialk-Bielinska"
"35055","Malgorzata","Czerwicka"
"35056","Piotr","Stepnowski."
"35057","Joanna","Jedrzejowicz"
"35058","Piotr","Jedrzejowicz."
"35059","Joanna","Jedrzejowicz"
"35060","Piotr","Jedrzejowicz."
"35061","Adrian","Lis"
"35062","Anna","Lis."
"35063","Joanna","Jedrzejowicz"
"35064","Piotr","Jedrzejowicz."
"35065","Ji-Yoon","Song"
"35066","Jaroslaw","Marszalek"
"35067","Elizabeth","Anne"
"35068","Magdalena","Miklaszewska"
"35069","Malgorzata","Waleron"
"35070","Nicolas","Morin"
"35071","Magdalena","Calusinska"
"35072","Annick","Wilmotte"
"35073","Nicole","Tandeau"
"35074","De","Marsac"
"35075","Rosmarie","Rippka"
"35076","Krzysztof","Waleron."
"35077","Agnieszka","Herman."
"35078","Szymon","Ciesielski"
"35079","Brenda","A."
"35080","Schilke","Jerzy"
"35081","Osipiuk","Lance"
"35082","Bigelow","Rory"
"35083","Mulligan","Julia"
"35084","Majewska","Andrzej"
"35085","Joachimiak","Jaroslaw"
"35086","Marszalek","Elizabeth"
"35087","A.","Craig"
"35088","Rafal","Dutkiewicz."
"35089","Sylwia","Smuczynska"
"35090","Iwona","Gwarda"
"35091","Iwona","Anusiewicz"
"35092","Piotr","Skurski."
"35093","Rafal","Dutkiewicz"
"35094","Agnieszka","Nowak."
"35095","Tomasz","Puzyn"
"35096","Nina","Jeliazkova"
"35097","Haralambos","Sarimveis"
"35098","Richard","L."
"35099","Marchese","Robinson"
"35100","Vladimir","Lobaskin"
"35101","Robert","Rallo"
"35102","Andrea-N.","Richarz"
"35103","Agnieszka","Gajewicz"
"35104","Manthos","G."
"35105","Papadopulos","Janna"
"35106","Hastings","Mark"
"35107","T.","D."
"35108","Cronin","Emilio"
"35109","Benfenati","Alberto"
"35110","Fern&#0225","ndez."
"35111","Michal","Suchanek"
"35112","Marcin","Wolek."
"35113","Joanna","Jedrzejowicz"
"35114","Piotr","Jedrzejowicz."
"35115","Rafal","Dutkiewicz"
"35116","Malgorzata","Nowak"
"35117","Elizabeth","A."
"35118","Craig","Jaroslaw"
"35119","Joanna","Jedrzejowicz"
"35120","Piotr","Jedrzejowicz"
"35121","Izabela","Wierzbowska."
"35122","Natalia","Miekus"
"35123","Ilona","Oledzka"
"35124","Alina","Plenis"
"35125","Piotr","Kowalski"
"35126","Ewa","Bien"
"35127","Aleksandra","Miekus"
"35128","Malgorzata","Anna"
"35129","Krawczyk","Elzbieta"
"35130","Adamkiewicz-Drozynska","Tomasz"
"35131","Joanna","Jedrzejowicz"
"35132","Piotr","Jedrzejowicz."
"35133","Kamila","Migdal-Najman"
"35134","Krzysztof","Najman."
"35135","Kamila","Migdal-Najman"
"35136","Krzysztof","Najman."
"35137","Wojciech","Delewski"
"35138","Bogumila","Paterkiewicz"
"35139","Mateusz","Manicki"
"35140","Brenda","Schilke"
"35141","Bartlomiej","Tomiczek"
"35142","Szymon","J."
"35143","Ciesielski","Lukasz"
"35144","Nierzwicki","Jacek"
"35145","Czub","Rafal"
"35146","Dutkiewicz","Elizabeth"
"35147","A.","Craig"
"35148","Jaroslaw","Marszalek."
"35149","Marek","Klein"
"35150","Joanna","Nadolna"
"35151","Anna","Golabiewska"
"35152","Pawel","Mazierski"
"35153","Tomasz","Klimczuk"
"35154","Hynd","Remita"
"35155","Adriana","Zaleska-Medynska."
"35156","Andrzej","Letkiewicz"
"35157","Beata","Majecka"
"35158","Michal","Suchanek."
"35159","Joanna","Jedrzejowicz"
"35160","Piotr","Jedrzejowicz."
"35161","Adam","Liwo"
"35162","Antti","Niemi"
"35163","Xubiao","Peng"
"35164","Adam","K."
"35165","Alicja","Mikolajczyk"
"35166","H.","P."
"35167","Pinto","Agnieszka"
"35168","Gajewicz","Tomasz"
"35169","Puzyn","J."
"35170","Omer","Sakarya."
"35171","Joanna","Jedrzejowicz"
"35172","Piotr","Jedrzejowicz."
"35173","Magdalena","A."
"35174","Mozolewska","Pawel"
"35175","Krupa","Harold"
"35176","A.","Scheraga"
"35177","Adam","Liwo."
"35178","Kamila","Migdal-Najman."
"35179","Emilia","Dobrowolska."
"35180","Sylwia","Badowska"
"35181","Anna","Golec."
"35182","Roland","Lill"
"35183","Rafal","Dutkiewicz"
"35184","Sven","A."
"35185","Freibert","Torsten"
"35186","Heidenreich","Judita"
"35187","Mascarenhas","Daili"
"35188","J.","Netz"
"35189","Viktoria","D."
"35190","Paul","Antonio"
"35191","J.","Pierik"
"35192","Nadine","Richter"
"35193","Martin","St&#0252"
"35194","mpfig","Vasundara"
"35195","Srinivasan","Oliver"
"35196","Stehling","Ulrich"
"35197","M&#0252","hlenhoff."
"35198","Krzysztof","Najman."
"35199","Joanna","Jedrzejowicz"
"35200","Piotr","Jedrzejowicz."
"35201","Marcin","Markiewicz"
"35202","Anna","Przysiezna"
"35203","Stephen","Brierley"
"35204","Tomasz","Paterek."
"35205","Dorota","Wilenska"
"35206","Piotr","Skurski"
"35207","Iwona","Anusiewicz."
"35208","Mateusz","Moskalik"
"35209","Jaroslaw","Tegowski"
"35210","Piotr","Grabowiecki"
"35211","Monika","Zulichowska."
"35212","Jolanta","Kumirska"
"35213","Alina","Plenis"
"35214","Paulina","Lukaszewicz"
"35215","Magda","Caban"
"35216","Natalia","Migowska"
"35217","Anna","Bialk-Bielinska"
"35218","Malgorzata","Czerwicka"
"35219","Piotr","Stepnowski."
"35220","Joanna","Jedrzejowicz"
"35221","Piotr","Jedrzejowicz."
"35222","Joanna","Jedrzejowicz"
"35223","Piotr","Jedrzejowicz."
"35224","Adrian","Lis"
"35225","Anna","Lis."
"35226","Joanna","Jedrzejowicz"
"35227","Piotr","Jedrzejowicz."
"35228","Ji-Yoon","Song"
"35229","Jaroslaw","Marszalek"
"35230","Elizabeth","Anne"
"35231","Magdalena","Miklaszewska"
"35232","Malgorzata","Waleron"
"35233","Nicolas","Morin"
"35234","Magdalena","Calusinska"
"35235","Annick","Wilmotte"
"35236","Nicole","Tandeau"
"35237","De","Marsac"
"35238","Rosmarie","Rippka"
"35239","Krzysztof","Waleron."
"35240","Agnieszka","Herman."
"35241","Szymon","Ciesielski"
"35242","Brenda","A."
"35243","Schilke","Jerzy"
"35244","Osipiuk","Lance"
"35245","Bigelow","Rory"
"35246","Mulligan","Julia"
"35247","Majewska","Andrzej"
"35248","Joachimiak","Jaroslaw"
"35249","Marszalek","Elizabeth"
"35250","A.","Craig"
"35251","Rafal","Dutkiewicz."
"35252","Sylwia","Smuczynska"
"35253","Iwona","Gwarda"
"35254","Iwona","Anusiewicz"
"35255","Piotr","Skurski."
"35256","Rafal","Dutkiewicz"
"35257","Agnieszka","Nowak."
"35258","Tomasz","Puzyn"
"35259","Nina","Jeliazkova"
"35260","Haralambos","Sarimveis"
"35261","Richard","L."
"35262","Marchese","Robinson"
"35263","Vladimir","Lobaskin"
"35264","Robert","Rallo"
"35265","Andrea-N.","Richarz"
"35266","Agnieszka","Gajewicz"
"35267","Manthos","G."
"35268","Papadopulos","Janna"
"35269","Hastings","Mark"
"35270","T.","D."
"35271","Cronin","Emilio"
"35272","Benfenati","Alberto"
"35273","Fern&#0225","ndez."
"35274","Michal","Suchanek"
"35275","Marcin","Wolek."
"35276","Joanna","Jedrzejowicz"
"35277","Piotr","Jedrzejowicz."
"35278","Rafal","Dutkiewicz"
"35279","Malgorzata","Nowak"
"35280","Elizabeth","A."
"35281","Craig","Jaroslaw"
"35282","Joanna","Jedrzejowicz"
"35283","Piotr","Jedrzejowicz"
"35284","Izabela","Wierzbowska."
"35285","Natalia","Miekus"
"35286","Ilona","Oledzka"
"35287","Alina","Plenis"
"35288","Piotr","Kowalski"
"35289","Ewa","Bien"
"35290","Aleksandra","Miekus"
"35291","Malgorzata","Anna"
"35292","Krawczyk","Elzbieta"
"35293","Adamkiewicz-Drozynska","Tomasz"
"35294","Joanna","Jedrzejowicz"
"35295","Piotr","Jedrzejowicz."
"35296","Kamila","Migdal-Najman"
"35297","Krzysztof","Najman."
"35298","Kamila","Migdal-Najman"
"35299","Krzysztof","Najman."
"35300","Wojciech","Delewski"
"35301","Bogumila","Paterkiewicz"
"35302","Mateusz","Manicki"
"35303","Brenda","Schilke"
"35304","Bartlomiej","Tomiczek"
"35305","Szymon","J."
"35306","Ciesielski","Lukasz"
"35307","Nierzwicki","Jacek"
"35308","Czub","Rafal"
"35309","Dutkiewicz","Elizabeth"
"35310","A.","Craig"
"35311","Jaroslaw","Marszalek."
"35312","Marek","Klein"
"35313","Joanna","Nadolna"
"35314","Anna","Golabiewska"
"35315","Pawel","Mazierski"
"35316","Tomasz","Klimczuk"
"35317","Hynd","Remita"
"35318","Adriana","Zaleska-Medynska."
"35319","Andrzej","Letkiewicz"
"35320","Beata","Majecka"
"35321","Michal","Suchanek."
"35322","Joanna","Jedrzejowicz"
"35323","Piotr","Jedrzejowicz."
"35324","Adam","Liwo"
"35325","Antti","Niemi"
"35326","Xubiao","Peng"
"35327","Adam","K."
"35328","Alicja","Mikolajczyk"
"35329","H.","P."
"35330","Pinto","Agnieszka"
"35331","Gajewicz","Tomasz"
"35332","Puzyn","J."
"35333","Omer","Sakarya."
"35334","Joanna","Jedrzejowicz"
"35335","Piotr","Jedrzejowicz."
"35336","Magdalena","A."
"35337","Mozolewska","Pawel"
"35338","Krupa","Harold"
"35339","A.","Scheraga"
"35340","Adam","Liwo."
"35341","Kamila","Migdal-Najman."
"35342","Emilia","Dobrowolska."
"35343","Sylwia","Badowska"
"35344","Anna","Golec."
"35345","Roland","Lill"
"35346","Rafal","Dutkiewicz"
"35347","Sven","A."
"35348","Freibert","Torsten"
"35349","Heidenreich","Judita"
"35350","Mascarenhas","Daili"
"35351","J.","Netz"
"35352","Viktoria","D."
"35353","Paul","Antonio"
"35354","J.","Pierik"
"35355","Nadine","Richter"
"35356","Martin","St&#0252"
"35357","mpfig","Vasundara"
"35358","Srinivasan","Oliver"
"35359","Stehling","Ulrich"
"35360","M&#0252","hlenhoff."
"35361","Krzysztof","Najman."
"35362","Joanna","Jedrzejowicz"
"35363","Piotr","Jedrzejowicz."
"35364","Marcin","Markiewicz"
"35365","Anna","Przysiezna"
"35366","Stephen","Brierley"
"35367","Tomasz","Paterek."
"35368","Dorota","Wilenska"
"35369","Piotr","Skurski"
"35370","Iwona","Anusiewicz."
"35371","Mateusz","Moskalik"
"35372","Jaroslaw","Tegowski"
"35373","Piotr","Grabowiecki"
"35374","Monika","Zulichowska."
"35375","Jolanta","Kumirska"
"35376","Alina","Plenis"
"35377","Paulina","Lukaszewicz"
"35378","Magda","Caban"
"35379","Natalia","Migowska"
"35380","Anna","Bialk-Bielinska"
"35381","Malgorzata","Czerwicka"
"35382","Piotr","Stepnowski."
"35383","Joanna","Jedrzejowicz"
"35384","Piotr","Jedrzejowicz."
"35385","Joanna","Jedrzejowicz"
"35386","Piotr","Jedrzejowicz."
"35387","Adrian","Lis"
"35388","Anna","Lis."
"35389","Joanna","Jedrzejowicz"
"35390","Piotr","Jedrzejowicz."
"35391","Ji-Yoon","Song"
"35392","Jaroslaw","Marszalek"
"35393","Elizabeth","Anne"
"35394","Magdalena","Miklaszewska"
"35395","Malgorzata","Waleron"
"35396","Nicolas","Morin"
"35397","Magdalena","Calusinska"
"35398","Annick","Wilmotte"
"35399","Nicole","Tandeau"
"35400","De","Marsac"
"35401","Rosmarie","Rippka"
"35402","Krzysztof","Waleron."
"35403","Agnieszka","Herman."
"35404","Szymon","Ciesielski"
"35405","Brenda","A."
"35406","Schilke","Jerzy"
"35407","Osipiuk","Lance"
"35408","Bigelow","Rory"
"35409","Mulligan","Julia"
"35410","Majewska","Andrzej"
"35411","Joachimiak","Jaroslaw"
"35412","Marszalek","Elizabeth"
"35413","A.","Craig"
"35414","Rafal","Dutkiewicz."
"35415","Angelika","Kedzierska-Szczepaniak."
